num,code,url,status_code,launch_date,year,month,launch_vehicle,launch_site,
1,2019-010E,https://nssdc.gsfc.nasa.gov/nmc/spacecraft/display.action?id=2019-010E,200,2019-02-27,2019,2,Soyuz-Fregat,Kourou, French Guiana<br/></p
2,2019-010D,https://nssdc.gsfc.nasa.gov/nmc/spacecraft/display.action?id=2019-010D,200,2019-02-27,2019,2,Soyuz-Fregat,Kourou, French Guiana<br/></p
3,2019-010C,https://nssdc.gsfc.nasa.gov/nmc/spacecraft/display.action?id=2019-010C,200,2019-02-27,2019,2,Soyuz-Fregat,Kourou, French Guiana<br/></p
4,2019-010B,https://nssdc.gsfc.nasa.gov/nmc/spacecraft/display.action?id=2019-010B,200,2019-02-27,2019,2,Soyuz-Fregat,Kourou, French Guiana<br/></p
5,2019-010F,https://nssdc.gsfc.nasa.gov/nmc/spacecraft/display.action?id=2019-010F,200,2019-02-27,2019,2,Soyuz-Fregat,Kourou, French Guiana<br/></p
6,2019-010A,https://nssdc.gsfc.nasa.gov/nmc/spacecraft/display.action?id=2019-010A,200,2019-02-27,2019,2,Soyuz-Fregat,Kourou, French Guiana<br/></p
7,2020-008A,https://nssdc.gsfc.nasa.gov/nmc/spacecraft/display.action?id=2020-008A,200,2020-02-06,2020,2,Soyuz-2.1b/Fregat,Tyuratam (Baikonur Cosmodrome,
8,2020-008B,https://nssdc.gsfc.nasa.gov/nmc/spacecraft/display.action?id=2020-008B,200,2020-02-06,2020,2,Soyuz-2.1b/Fregat,Tyuratam (Baikonur Cosmodrome,
9,2020-020L,https://nssdc.gsfc.nasa.gov/nmc/spacecraft/display.action?id=2020-020L,200,2020-03-21,2020,3,Soyuz-2.1b,Tyuratam (Baikonur Cosmodrome,
10,2020020AB,https://nssdc.gsfc.nasa.gov/nmc/spacecraft/display.action?id=2020020AB,200,2020-03-21,2020,3,Soyuz-2.1b,Tyuratam (Baikonur Cosmodrome,
11,2020-008C,https://nssdc.gsfc.nasa.gov/nmc/spacecraft/display.action?id=2020-008C,200,2020-02-06,2020,2,Soyuz-2.1b/Fregat,Tyuratam (Baikonur Cosmodrome,
12,2020-008D,https://nssdc.gsfc.nasa.gov/nmc/spacecraft/display.action?id=2020-008D,200,2020-02-06,2020,2,Soyuz-2.1b/Fregat,Tyuratam (Baikonur Cosmodrome,
13,2020-008E,https://nssdc.gsfc.nasa.gov/nmc/spacecraft/display.action?id=2020-008E,200,2020-02-06,2020,2,Soyuz-2.1b/Fregat,Tyuratam (Baikonur Cosmodrome,
14,2020-008F,https://nssdc.gsfc.nasa.gov/nmc/spacecraft/display.action?id=2020-008F,200,2020-02-06,2020,2,Soyuz-2.1b/Fregat,Tyuratam (Baikonur Cosmodrome,
15,2020-008G,https://nssdc.gsfc.nasa.gov/nmc/spacecraft/display.action?id=2020-008G,200,2020-02-06,2020,2,Soyuz-2.1b/Fregat,Tyuratam (Baikonur Cosmodrome,
16,2020-008H,https://nssdc.gsfc.nasa.gov/nmc/spacecraft/display.action?id=2020-008H,200,2020-02-06,2020,2,Soyuz-2.1b/Fregat,Tyuratam (Baikonur Cosmodrome,
17,2020-008J,https://nssdc.gsfc.nasa.gov/nmc/spacecraft/display.action?id=2020-008J,200,2020-02-06,2020,2,Soyuz-2.1b/Fregat,Tyuratam (Baikonur Cosmodrome,
18,2020-020J,https://nssdc.gsfc.nasa.gov/nmc/spacecraft/display.action?id=2020-020J,200,2020-03-21,2020,3,Soyuz-2.1b,Tyuratam (Baikonur Cosmodrome,
19,2020-008K,https://nssdc.gsfc.nasa.gov/nmc/spacecraft/display.action?id=2020-008K,200,2020-02-06,2020,2,Soyuz-2.1b/Fregat,Tyuratam (Baikonur Cosmodrome,
20,2020-020X,https://nssdc.gsfc.nasa.gov/nmc/spacecraft/display.action?id=2020-020X,200,2020-03-21,2020,3,Soyuz-2.1b,Tyuratam (Baikonur Cosmodrome,
21,2020-020H,https://nssdc.gsfc.nasa.gov/nmc/spacecraft/display.action?id=2020-020H,200,2020-03-21,2020,3,Soyuz-2.1b,Tyuratam (Baikonur Cosmodrome,
22,2020-008L,https://nssdc.gsfc.nasa.gov/nmc/spacecraft/display.action?id=2020-008L,200,2020-02-06,2020,2,Soyuz-2.1b/Fregat,Tyuratam (Baikonur Cosmodrome,
23,2020-008M,https://nssdc.gsfc.nasa.gov/nmc/spacecraft/display.action?id=2020-008M,200,2020-02-06,2020,2,Soyuz-2.1b/Fregat,Tyuratam (Baikonur Cosmodrome,
24,2020020AG,https://nssdc.gsfc.nasa.gov/nmc/spacecraft/display.action?id=2020020AG,200,2020-03-21,2020,3,Soyuz-2.1b,Tyuratam (Baikonur Cosmodrome,
25,2020-008N,https://nssdc.gsfc.nasa.gov/nmc/spacecraft/display.action?id=2020-008N,200,2020-02-06,2020,2,Soyuz-2.1b/Fregat,Tyuratam (Baikonur Cosmodrome,
26,2020-008P,https://nssdc.gsfc.nasa.gov/nmc/spacecraft/display.action?id=2020-008P,200,2020-02-06,2020,2,Soyuz-2.1b/Fregat,Tyuratam (Baikonur Cosmodrome,
27,2020-020S,https://nssdc.gsfc.nasa.gov/nmc/spacecraft/display.action?id=2020-020S,200,2020-03-21,2020,3,Soyuz-2.1b,Tyuratam (Baikonur Cosmodrome,
28,2020-008Q,https://nssdc.gsfc.nasa.gov/nmc/spacecraft/display.action?id=2020-008Q,200,2020-02-06,2020,2,Soyuz-2.1b/Fregat,Tyuratam (Baikonur Cosmodrome,
29,2020-008R,https://nssdc.gsfc.nasa.gov/nmc/spacecraft/display.action?id=2020-008R,200,2020-02-06,2020,2,Soyuz-2.1b/Fregat,Tyuratam (Baikonur Cosmodrome,
30,2020-008S,https://nssdc.gsfc.nasa.gov/nmc/spacecraft/display.action?id=2020-008S,200,2020-02-06,2020,2,Soyuz-2.1b/Fregat,Tyuratam (Baikonur Cosmodrome,
31,2020-008T,https://nssdc.gsfc.nasa.gov/nmc/spacecraft/display.action?id=2020-008T,200,2020-02-06,2020,2,Soyuz-2.1b/Fregat,Tyuratam (Baikonur Cosmodrome,
32,2020-020T,https://nssdc.gsfc.nasa.gov/nmc/spacecraft/display.action?id=2020-020T,200,2020-03-21,2020,3,Soyuz-2.1b,Tyuratam (Baikonur Cosmodrome,
33,2020-008U,https://nssdc.gsfc.nasa.gov/nmc/spacecraft/display.action?id=2020-008U,200,2020-02-06,2020,2,Soyuz-2.1b/Fregat,Tyuratam (Baikonur Cosmodrome,
34,2020-008V,https://nssdc.gsfc.nasa.gov/nmc/spacecraft/display.action?id=2020-008V,200,2020-02-06,2020,2,Soyuz-2.1b/Fregat,Tyuratam (Baikonur Cosmodrome,
35,2020-008W,https://nssdc.gsfc.nasa.gov/nmc/spacecraft/display.action?id=2020-008W,200,2020-02-06,2020,2,Soyuz-2.1b/Fregat,Tyuratam (Baikonur Cosmodrome,
36,2020-020Z,https://nssdc.gsfc.nasa.gov/nmc/spacecraft/display.action?id=2020-020Z,200,2020-03-21,2020,3,Soyuz-2.1b,Tyuratam (Baikonur Cosmodrome,
37,2020-008X,https://nssdc.gsfc.nasa.gov/nmc/spacecraft/display.action?id=2020-008X,200,2020-02-06,2020,2,Soyuz-2.1b/Fregat,Tyuratam (Baikonur Cosmodrome,
38,2020-008Y,https://nssdc.gsfc.nasa.gov/nmc/spacecraft/display.action?id=2020-008Y,200,2020-02-06,2020,2,Soyuz-2.1b/Fregat,Tyuratam (Baikonur Cosmodrome,
39,2020-008Z,https://nssdc.gsfc.nasa.gov/nmc/spacecraft/display.action?id=2020-008Z,200,2020-02-06,2020,2,Soyuz-2.1b/Fregat,Tyuratam (Baikonur Cosmodrome,
40,2020020AF,https://nssdc.gsfc.nasa.gov/nmc/spacecraft/display.action?id=2020020AF,200,2020-03-21,2020,3,Soyuz-2.1b,Tyuratam (Baikonur Cosmodrome,
41,ONEWEB51,https://nssdc.gsfc.nasa.gov/nmc/spacecraft/display.action?id=ONEWEB51,200,2020-02-06,2020,2,Soyuz-2.1b/Fregat,Tyuratam (Baikonur Cosmodrome,
42,ONEWEB52,https://nssdc.gsfc.nasa.gov/nmc/spacecraft/display.action?id=ONEWEB52,200,2020-02-06,2020,2,Soyuz-2.1b/Fregat,Tyuratam (Baikonur Cosmodrome,
43,ONEWEB53,https://nssdc.gsfc.nasa.gov/nmc/spacecraft/display.action?id=ONEWEB53,200,2020-02-06,2020,2,Soyuz-2.1b/Fregat,Tyuratam (Baikonur Cosmodrome,
44,ONEWEB54,https://nssdc.gsfc.nasa.gov/nmc/spacecraft/display.action?id=ONEWEB54,200,2020-02-06,2020,2,Soyuz-2.1b/Fregat,Tyuratam (Baikonur Cosmodrome,
45,2020-020V,https://nssdc.gsfc.nasa.gov/nmc/spacecraft/display.action?id=2020-020V,200,2020-03-21,2020,3,Soyuz-2.1b,Tyuratam (Baikonur Cosmodrome,
46,ONEWEB56,https://nssdc.gsfc.nasa.gov/nmc/spacecraft/display.action?id=ONEWEB56,200,2020-02-06,2020,2,Soyuz-2.1b/Fregat,Tyuratam (Baikonur Cosmodrome,
47,ONEWEB57,https://nssdc.gsfc.nasa.gov/nmc/spacecraft/display.action?id=ONEWEB57,200,2020-02-06,2020,2,Soyuz-2.1b/Fregat,Tyuratam (Baikonur Cosmodrome,
48,ONEWEB58,https://nssdc.gsfc.nasa.gov/nmc/spacecraft/display.action?id=ONEWEB58,200,2020-02-06,2020,2,Soyuz-2.1b/Fregat,Tyuratam (Baikonur Cosmodrome,
49,ONEWEB59,https://nssdc.gsfc.nasa.gov/nmc/spacecraft/display.action?id=ONEWEB59,200,2020-02-06,2020,2,Soyuz-2.1b/Fregat,Tyuratam (Baikonur Cosmodrome,
50,2020020AH,https://nssdc.gsfc.nasa.gov/nmc/spacecraft/display.action?id=2020020AH,200,2020-03-21,2020,3,Soyuz-2.1b,Tyuratam (Baikonur Cosmodrome,
51,2020-020E,https://nssdc.gsfc.nasa.gov/nmc/spacecraft/display.action?id=2020-020E,200,2020-03-21,2020,3,Soyuz-2.1b,Tyuratam (Baikonur Cosmodrome,
52,ONEWEB62,https://nssdc.gsfc.nasa.gov/nmc/spacecraft/display.action?id=ONEWEB62,200,2020-02-06,2020,2,Soyuz-2.1b/Fregat,Tyuratam (Baikonur Cosmodrome,
53,2020020AA,https://nssdc.gsfc.nasa.gov/nmc/spacecraft/display.action?id=2020020AA,200,2020-03-21,2020,3,Soyuz-2.1b,Tyuratam (Baikonur Cosmodrome,
54,2020-020K,https://nssdc.gsfc.nasa.gov/nmc/spacecraft/display.action?id=2020-020K,200,2020-03-21,2020,3,Soyuz-2.1b,Tyuratam (Baikonur Cosmodrome,
55,ONEWEB65,https://nssdc.gsfc.nasa.gov/nmc/spacecraft/display.action?id=ONEWEB65,200,2020-02-06,2020,2,Soyuz-2.1b/Fregat,Tyuratam (Baikonur Cosmodrome,
56,2020-020A,https://nssdc.gsfc.nasa.gov/nmc/spacecraft/display.action?id=2020-020A,200,2020-03-21,2020,3,Soyuz-2.1b,Tyuratam (Baikonur Cosmodrome,
57,2020-020B,https://nssdc.gsfc.nasa.gov/nmc/spacecraft/display.action?id=2020-020B,200,2020-03-21,2020,3,Soyuz-2.1b,Tyuratam (Baikonur Cosmodrome,
58,2020-020Y,https://nssdc.gsfc.nasa.gov/nmc/spacecraft/display.action?id=2020-020Y,200,2020-03-21,2020,3,Soyuz-2.1b,Tyuratam (Baikonur Cosmodrome,
59,2020-020G,https://nssdc.gsfc.nasa.gov/nmc/spacecraft/display.action?id=2020-020G,200,2020-03-21,2020,3,Soyuz-2.1b,Tyuratam (Baikonur Cosmodrome,
60,2020-020C,https://nssdc.gsfc.nasa.gov/nmc/spacecraft/display.action?id=2020-020C,200,2020-03-21,2020,3,Soyuz-2.1b,Tyuratam (Baikonur Cosmodrome,
61,2020-020F,https://nssdc.gsfc.nasa.gov/nmc/spacecraft/display.action?id=2020-020F,200,2020-03-21,2020,3,Soyuz-2.1b,Tyuratam (Baikonur Cosmodrome,
62,2020020AE,https://nssdc.gsfc.nasa.gov/nmc/spacecraft/display.action?id=2020020AE,200,2020-03-21,2020,3,Soyuz-2.1b,Tyuratam (Baikonur Cosmodrome,
63,2020-020M,https://nssdc.gsfc.nasa.gov/nmc/spacecraft/display.action?id=2020-020M,200,2020-03-21,2020,3,Soyuz-2.1b,Tyuratam (Baikonur Cosmodrome,
64,2020-020Q,https://nssdc.gsfc.nasa.gov/nmc/spacecraft/display.action?id=2020-020Q,200,2020-03-21,2020,3,Soyuz-2.1b,Tyuratam (Baikonur Cosmodrome,
65,2020020AJ,https://nssdc.gsfc.nasa.gov/nmc/spacecraft/display.action?id=2020020AJ,200,2020-03-21,2020,3,Soyuz-2.1b,Tyuratam (Baikonur Cosmodrome,
66,2020020AD,https://nssdc.gsfc.nasa.gov/nmc/spacecraft/display.action?id=2020020AD,200,2020-03-21,2020,3,Soyuz-2.1b,Tyuratam (Baikonur Cosmodrome,
67,2020020AK,https://nssdc.gsfc.nasa.gov/nmc/spacecraft/display.action?id=2020020AK,200,2020-03-21,2020,3,Soyuz-2.1b,Tyuratam (Baikonur Cosmodrome,
68,2020-020D,https://nssdc.gsfc.nasa.gov/nmc/spacecraft/display.action?id=2020-020D,200,2020-03-21,2020,3,Soyuz-2.1b,Tyuratam (Baikonur Cosmodrome,
69,2020-020P,https://nssdc.gsfc.nasa.gov/nmc/spacecraft/display.action?id=2020-020P,200,2020-03-21,2020,3,Soyuz-2.1b,Tyuratam (Baikonur Cosmodrome,
70,2020-020W,https://nssdc.gsfc.nasa.gov/nmc/spacecraft/display.action?id=2020-020W,200,2020-03-21,2020,3,Soyuz-2.1b,Tyuratam (Baikonur Cosmodrome,
71,2020020AC,https://nssdc.gsfc.nasa.gov/nmc/spacecraft/display.action?id=2020020AC,200,2020-03-21,2020,3,Soyuz-2.1b,Tyuratam (Baikonur Cosmodrome,
72,2020-020N,https://nssdc.gsfc.nasa.gov/nmc/spacecraft/display.action?id=2020-020N,200,2020-03-21,2020,3,Soyuz-2.1b,Tyuratam (Baikonur Cosmodrome,
73,2020-020R,https://nssdc.gsfc.nasa.gov/nmc/spacecraft/display.action?id=2020-020R,200,2020-03-21,2020,3,Soyuz-2.1b,Tyuratam (Baikonur Cosmodrome,
74,2020-020U,https://nssdc.gsfc.nasa.gov/nmc/spacecraft/display.action?id=2020-020U,200,2020-03-21,2020,3,Soyuz-2.1b,Tyuratam (Baikonur Cosmodrome,
75,2021-025H,https://nssdc.gsfc.nasa.gov/nmc/spacecraft/display.action?id=2021-025H,200,2021-03-25,2021,3,Soyuz-2.1b,Vostochny Cosmodrome, Russia<
76,2020-100A,https://nssdc.gsfc.nasa.gov/nmc/spacecraft/display.action?id=2020-100A,200,2020-12-18,2020,12,Soyuz-2.1b,Vostochny Cosmodrome, Russia<
77,2021-025G,https://nssdc.gsfc.nasa.gov/nmc/spacecraft/display.action?id=2021-025G,200,2021-03-25,2021,3,Soyuz-2.1b,Vostochny Cosmodrome, Russia<
78,2021025AL,https://nssdc.gsfc.nasa.gov/nmc/spacecraft/display.action?id=2021025AL,200,2021-03-25,2021,3,Soyuz-2.1b,Vostochny Cosmodrome, Russia<
79,2020-100B,https://nssdc.gsfc.nasa.gov/nmc/spacecraft/display.action?id=2020-100B,200,2020-12-18,2020,12,Soyuz-2.1b,Vostochny Cosmodrome, Russia<
80,2020-100C,https://nssdc.gsfc.nasa.gov/nmc/spacecraft/display.action?id=2020-100C,200,2020-12-18,2020,12,Soyuz-2.1b,Vostochny Cosmodrome, Russia<
81,2020-100D,https://nssdc.gsfc.nasa.gov/nmc/spacecraft/display.action?id=2020-100D,200,2020-12-18,2020,12,Soyuz-2.1b,Vostochny Cosmodrome, Russia<
82,2021-025K,https://nssdc.gsfc.nasa.gov/nmc/spacecraft/display.action?id=2021-025K,200,2021-03-25,2021,3,Soyuz-2.1b,Vostochny Cosmodrome, Russia<
83,2021-025J,https://nssdc.gsfc.nasa.gov/nmc/spacecraft/display.action?id=2021-025J,200,2021-03-25,2021,3,Soyuz-2.1b,Vostochny Cosmodrome, Russia<
84,2020-100E,https://nssdc.gsfc.nasa.gov/nmc/spacecraft/display.action?id=2020-100E,200,2020-12-18,2020,12,Soyuz-2.1b,Vostochny Cosmodrome, Russia<
85,2021-025A,https://nssdc.gsfc.nasa.gov/nmc/spacecraft/display.action?id=2021-025A,200,2021-03-25,2021,3,Soyuz-2.1b,Vostochny Cosmodrome, Russia<
86,2021-025E,https://nssdc.gsfc.nasa.gov/nmc/spacecraft/display.action?id=2021-025E,200,2021-03-25,2021,3,Soyuz-2.1b,Vostochny Cosmodrome, Russia<
87,2020-100F,https://nssdc.gsfc.nasa.gov/nmc/spacecraft/display.action?id=2020-100F,200,2020-12-18,2020,12,Soyuz-2.1b,Vostochny Cosmodrome, Russia<
88,2020-100G,https://nssdc.gsfc.nasa.gov/nmc/spacecraft/display.action?id=2020-100G,200,2020-12-18,2020,12,Soyuz-2.1b,Vostochny Cosmodrome, Russia<
89,2020-100H,https://nssdc.gsfc.nasa.gov/nmc/spacecraft/display.action?id=2020-100H,200,2020-12-18,2020,12,Soyuz-2.1b,Vostochny Cosmodrome, Russia<
90,2020-100J,https://nssdc.gsfc.nasa.gov/nmc/spacecraft/display.action?id=2020-100J,200,2020-12-18,2020,12,Soyuz-2.1b,Vostochny Cosmodrome, Russia<
91,2020-100K,https://nssdc.gsfc.nasa.gov/nmc/spacecraft/display.action?id=2020-100K,200,2020-12-18,2020,12,Soyuz-2.1b,Vostochny Cosmodrome, Russia<
92,2020-100L,https://nssdc.gsfc.nasa.gov/nmc/spacecraft/display.action?id=2020-100L,200,2020-12-18,2020,12,Soyuz-2.1b,Vostochny Cosmodrome, Russia<
93,2020-100M,https://nssdc.gsfc.nasa.gov/nmc/spacecraft/display.action?id=2020-100M,200,2020-12-18,2020,12,Soyuz-2.1b,Vostochny Cosmodrome, Russia<
94,2020-100N,https://nssdc.gsfc.nasa.gov/nmc/spacecraft/display.action?id=2020-100N,200,2020-12-18,2020,12,Soyuz-2.1b,Vostochny Cosmodrome, Russia<
95,2020-100P,https://nssdc.gsfc.nasa.gov/nmc/spacecraft/display.action?id=2020-100P,200,2020-12-18,2020,12,Soyuz-2.1b,Vostochny Cosmodrome, Russia<
96,2020-100Q,https://nssdc.gsfc.nasa.gov/nmc/spacecraft/display.action?id=2020-100Q,200,2020-12-18,2020,12,Soyuz-2.1b,Vostochny Cosmodrome, Russia<
97,2020-100R,https://nssdc.gsfc.nasa.gov/nmc/spacecraft/display.action?id=2020-100R,200,2020-12-18,2020,12,Soyuz-2.1b,Vostochny Cosmodrome, Russia<
98,2020-100S,https://nssdc.gsfc.nasa.gov/nmc/spacecraft/display.action?id=2020-100S,200,2020-12-18,2020,12,Soyuz-2.1b,Vostochny Cosmodrome, Russia<
99,2020-100T,https://nssdc.gsfc.nasa.gov/nmc/spacecraft/display.action?id=2020-100T,200,2020-12-18,2020,12,Soyuz-2.1b,Vostochny Cosmodrome, Russia<
100,2020-100U,https://nssdc.gsfc.nasa.gov/nmc/spacecraft/display.action?id=2020-100U,200,2020-12-18,2020,12,Soyuz-2.1b,Vostochny Cosmodrome, Russia<
101,2020-100V,https://nssdc.gsfc.nasa.gov/nmc/spacecraft/display.action?id=2020-100V,200,2020-12-18,2020,12,Soyuz-2.1b,Vostochny Cosmodrome, Russia<
102,2020-100W,https://nssdc.gsfc.nasa.gov/nmc/spacecraft/display.action?id=2020-100W,200,2020-12-18,2020,12,Soyuz-2.1b,Vostochny Cosmodrome, Russia<
103,2020-100X,https://nssdc.gsfc.nasa.gov/nmc/spacecraft/display.action?id=2020-100X,200,2020-12-18,2020,12,Soyuz-2.1b,Vostochny Cosmodrome, Russia<
104,2020-100Y,https://nssdc.gsfc.nasa.gov/nmc/spacecraft/display.action?id=2020-100Y,200,2020-12-18,2020,12,Soyuz-2.1b,Vostochny Cosmodrome, Russia<
105,2020-100Z,https://nssdc.gsfc.nasa.gov/nmc/spacecraft/display.action?id=2020-100Z,200,2020-12-18,2020,12,Soyuz-2.1b,Vostochny Cosmodrome, Russia<
106,2020100AA,https://nssdc.gsfc.nasa.gov/nmc/spacecraft/display.action?id=2020100AA,200,2020-12-18,2020,12,Soyuz-2.1b,Vostochny Cosmodrome, Russia<
107,2020100AB,https://nssdc.gsfc.nasa.gov/nmc/spacecraft/display.action?id=2020100AB,200,2020-12-18,2020,12,Soyuz-2.1b,Vostochny Cosmodrome, Russia<
108,2020100AC,https://nssdc.gsfc.nasa.gov/nmc/spacecraft/display.action?id=2020100AC,200,2020-12-18,2020,12,Soyuz-2.1b,Vostochny Cosmodrome, Russia<
109,2020100AD,https://nssdc.gsfc.nasa.gov/nmc/spacecraft/display.action?id=2020100AD,200,2020-12-18,2020,12,Soyuz-2.1b,Vostochny Cosmodrome, Russia<
110,2020100AE,https://nssdc.gsfc.nasa.gov/nmc/spacecraft/display.action?id=2020100AE,200,2020-12-18,2020,12,Soyuz-2.1b,Vostochny Cosmodrome, Russia<
111,2020100AF,https://nssdc.gsfc.nasa.gov/nmc/spacecraft/display.action?id=2020100AF,200,2020-12-18,2020,12,Soyuz-2.1b,Vostochny Cosmodrome, Russia<
112,2020100AG,https://nssdc.gsfc.nasa.gov/nmc/spacecraft/display.action?id=2020100AG,200,2020-12-18,2020,12,Soyuz-2.1b,Vostochny Cosmodrome, Russia<
113,2020100AH,https://nssdc.gsfc.nasa.gov/nmc/spacecraft/display.action?id=2020100AH,200,2020-12-18,2020,12,Soyuz-2.1b,Vostochny Cosmodrome, Russia<
114,2020100AJ,https://nssdc.gsfc.nasa.gov/nmc/spacecraft/display.action?id=2020100AJ,200,2020-12-18,2020,12,Soyuz-2.1b,Vostochny Cosmodrome, Russia<
115,2020100AK,https://nssdc.gsfc.nasa.gov/nmc/spacecraft/display.action?id=2020100AK,200,2020-12-18,2020,12,Soyuz-2.1b,Vostochny Cosmodrome, Russia<
116,2020100AL,https://nssdc.gsfc.nasa.gov/nmc/spacecraft/display.action?id=2020100AL,200,2020-12-18,2020,12,Soyuz-2.1b,Vostochny Cosmodrome, Russia<
117,2020100AM,https://nssdc.gsfc.nasa.gov/nmc/spacecraft/display.action?id=2020100AM,200,2020-12-18,2020,12,Soyuz-2.1b,Vostochny Cosmodrome, Russia<
118,2021-025T,https://nssdc.gsfc.nasa.gov/nmc/spacecraft/display.action?id=2021-025T,200,2021-03-25,2021,3,Soyuz-2.1b,Vostochny Cosmodrome, Russia<
119,2021-025S,https://nssdc.gsfc.nasa.gov/nmc/spacecraft/display.action?id=2021-025S,200,2021-03-25,2021,3,Soyuz-2.1b,Vostochny Cosmodrome, Russia<
120,2021-025F,https://nssdc.gsfc.nasa.gov/nmc/spacecraft/display.action?id=2021-025F,200,2021-03-25,2021,3,Soyuz-2.1b,Vostochny Cosmodrome, Russia<
121,2021025AA,https://nssdc.gsfc.nasa.gov/nmc/spacecraft/display.action?id=2021025AA,200,2021-03-25,2021,3,Soyuz-2.1b,Vostochny Cosmodrome, Russia<
122,2021-025C,https://nssdc.gsfc.nasa.gov/nmc/spacecraft/display.action?id=2021-025C,200,2021-03-25,2021,3,Soyuz-2.1b,Vostochny Cosmodrome, Russia<
123,2021-025D,https://nssdc.gsfc.nasa.gov/nmc/spacecraft/display.action?id=2021-025D,200,2021-03-25,2021,3,Soyuz-2.1b,Vostochny Cosmodrome, Russia<
124,2021-025R,https://nssdc.gsfc.nasa.gov/nmc/spacecraft/display.action?id=2021-025R,200,2021-03-25,2021,3,Soyuz-2.1b,Vostochny Cosmodrome, Russia<
125,2021-025L,https://nssdc.gsfc.nasa.gov/nmc/spacecraft/display.action?id=2021-025L,200,2021-03-25,2021,3,Soyuz-2.1b,Vostochny Cosmodrome, Russia<
126,2021-025P,https://nssdc.gsfc.nasa.gov/nmc/spacecraft/display.action?id=2021-025P,200,2021-03-25,2021,3,Soyuz-2.1b,Vostochny Cosmodrome, Russia<
127,2021-025N,https://nssdc.gsfc.nasa.gov/nmc/spacecraft/display.action?id=2021-025N,200,2021-03-25,2021,3,Soyuz-2.1b,Vostochny Cosmodrome, Russia<
128,2021-025W,https://nssdc.gsfc.nasa.gov/nmc/spacecraft/display.action?id=2021-025W,200,2021-03-25,2021,3,Soyuz-2.1b,Vostochny Cosmodrome, Russia<
129,2021-025U,https://nssdc.gsfc.nasa.gov/nmc/spacecraft/display.action?id=2021-025U,200,2021-03-25,2021,3,Soyuz-2.1b,Vostochny Cosmodrome, Russia<
130,2021-025M,https://nssdc.gsfc.nasa.gov/nmc/spacecraft/display.action?id=2021-025M,200,2021-03-25,2021,3,Soyuz-2.1b,Vostochny Cosmodrome, Russia<
131,2021-025Q,https://nssdc.gsfc.nasa.gov/nmc/spacecraft/display.action?id=2021-025Q,200,2021-03-25,2021,3,Soyuz-2.1b,Vostochny Cosmodrome, Russia<
132,2021-025V,https://nssdc.gsfc.nasa.gov/nmc/spacecraft/display.action?id=2021-025V,200,2021-03-25,2021,3,Soyuz-2.1b,Vostochny Cosmodrome, Russia<
133,2021-025X,https://nssdc.gsfc.nasa.gov/nmc/spacecraft/display.action?id=2021-025X,200,2021-03-25,2021,3,Soyuz-2.1b,Vostochny Cosmodrome, Russia<
134,2021-031Z,https://nssdc.gsfc.nasa.gov/nmc/spacecraft/display.action?id=2021-031Z,200,2021-04-25,2021,4,Soyuz-2.1b/Fregat,Vostochny Cosmodrome, Russia<
135,2021-025Z,https://nssdc.gsfc.nasa.gov/nmc/spacecraft/display.action?id=2021-025Z,200,2021-03-25,2021,3,Soyuz-2.1b,Vostochny Cosmodrome, Russia<
136,2021-025Y,https://nssdc.gsfc.nasa.gov/nmc/spacecraft/display.action?id=2021-025Y,200,2021-03-25,2021,3,Soyuz-2.1b,Vostochny Cosmodrome, Russia<
137,2021025AC,https://nssdc.gsfc.nasa.gov/nmc/spacecraft/display.action?id=2021025AC,200,2021-03-25,2021,3,Soyuz-2.1b,Vostochny Cosmodrome, Russia<
138,2021-025B,https://nssdc.gsfc.nasa.gov/nmc/spacecraft/display.action?id=2021-025B,200,2021-03-25,2021,3,Soyuz-2.1b,Vostochny Cosmodrome, Russia<
139,2021025AM,https://nssdc.gsfc.nasa.gov/nmc/spacecraft/display.action?id=2021025AM,200,2021-03-25,2021,3,Soyuz-2.1b,Vostochny Cosmodrome, Russia<
140,2021025AB,https://nssdc.gsfc.nasa.gov/nmc/spacecraft/display.action?id=2021025AB,200,2021-03-25,2021,3,Soyuz-2.1b,Vostochny Cosmodrome, Russia<
141,2021025AE,https://nssdc.gsfc.nasa.gov/nmc/spacecraft/display.action?id=2021025AE,200,2021-03-25,2021,3,Soyuz-2.1b,Vostochny Cosmodrome, Russia<
142,2021025AF,https://nssdc.gsfc.nasa.gov/nmc/spacecraft/display.action?id=2021025AF,200,2021-03-25,2021,3,Soyuz-2.1b,Vostochny Cosmodrome, Russia<
143,2021025AD,https://nssdc.gsfc.nasa.gov/nmc/spacecraft/display.action?id=2021025AD,200,2021-03-25,2021,3,Soyuz-2.1b,Vostochny Cosmodrome, Russia<
144,2021025AG,https://nssdc.gsfc.nasa.gov/nmc/spacecraft/display.action?id=2021025AG,200,2021-03-25,2021,3,Soyuz-2.1b,Vostochny Cosmodrome, Russia<
145,2021025AH,https://nssdc.gsfc.nasa.gov/nmc/spacecraft/display.action?id=2021025AH,200,2021-03-25,2021,3,Soyuz-2.1b,Vostochny Cosmodrome, Russia<
146,2021-031A,https://nssdc.gsfc.nasa.gov/nmc/spacecraft/display.action?id=2021-031A,200,2021-04-25,2021,4,Soyuz-2.1b/Fregat,Vostochny Cosmodrome, Russia<
147,2021025AJ,https://nssdc.gsfc.nasa.gov/nmc/spacecraft/display.action?id=2021025AJ,200,2021-03-25,2021,3,Soyuz-2.1b,Vostochny Cosmodrome, Russia<
148,2021025AK,https://nssdc.gsfc.nasa.gov/nmc/spacecraft/display.action?id=2021025AK,200,2021-03-25,2021,3,Soyuz-2.1b,Vostochny Cosmodrome, Russia<
149,2021-031C,https://nssdc.gsfc.nasa.gov/nmc/spacecraft/display.action?id=2021-031C,200,2021-04-25,2021,4,Soyuz-2.1b/Fregat,Vostochny Cosmodrome, Russia<
150,2021-031D,https://nssdc.gsfc.nasa.gov/nmc/spacecraft/display.action?id=2021-031D,200,2021-04-25,2021,4,Soyuz-2.1b/Fregat,Vostochny Cosmodrome, Russia<
151,2021-031W,https://nssdc.gsfc.nasa.gov/nmc/spacecraft/display.action?id=2021-031W,200,2021-04-25,2021,4,Soyuz-2.1b/Fregat,Vostochny Cosmodrome, Russia<
152,2021-031U,https://nssdc.gsfc.nasa.gov/nmc/spacecraft/display.action?id=2021-031U,200,2021-04-25,2021,4,Soyuz-2.1b/Fregat,Vostochny Cosmodrome, Russia<
153,2021-031K,https://nssdc.gsfc.nasa.gov/nmc/spacecraft/display.action?id=2021-031K,200,2021-04-25,2021,4,Soyuz-2.1b/Fregat,Vostochny Cosmodrome, Russia<
154,2021-031B,https://nssdc.gsfc.nasa.gov/nmc/spacecraft/display.action?id=2021-031B,200,2021-04-25,2021,4,Soyuz-2.1b/Fregat,Vostochny Cosmodrome, Russia<
155,2021-031L,https://nssdc.gsfc.nasa.gov/nmc/spacecraft/display.action?id=2021-031L,200,2021-04-25,2021,4,Soyuz-2.1b/Fregat,Vostochny Cosmodrome, Russia<
156,2021-031V,https://nssdc.gsfc.nasa.gov/nmc/spacecraft/display.action?id=2021-031V,200,2021-04-25,2021,4,Soyuz-2.1b/Fregat,Vostochny Cosmodrome, Russia<
157,2021-031M,https://nssdc.gsfc.nasa.gov/nmc/spacecraft/display.action?id=2021-031M,200,2021-04-25,2021,4,Soyuz-2.1b/Fregat,Vostochny Cosmodrome, Russia<
158,2021-031X,https://nssdc.gsfc.nasa.gov/nmc/spacecraft/display.action?id=2021-031X,200,2021-04-25,2021,4,Soyuz-2.1b/Fregat,Vostochny Cosmodrome, Russia<
159,2021-031H,https://nssdc.gsfc.nasa.gov/nmc/spacecraft/display.action?id=2021-031H,200,2021-04-25,2021,4,Soyuz-2.1b/Fregat,Vostochny Cosmodrome, Russia<
160,2021045AF,https://nssdc.gsfc.nasa.gov/nmc/spacecraft/display.action?id=2021045AF,200,2021-05-28,2021,5,Soyuz-2.1b,Vostochny Cosmodrome, Russia<
161,2021031AF,https://nssdc.gsfc.nasa.gov/nmc/spacecraft/display.action?id=2021031AF,200,2021-04-25,2021,4,Soyuz-2.1b/Fregat,Vostochny Cosmodrome, Russia<
162,2021-031N,https://nssdc.gsfc.nasa.gov/nmc/spacecraft/display.action?id=2021-031N,200,2021-04-25,2021,4,Soyuz-2.1b/Fregat,Vostochny Cosmodrome, Russia<
163,2021031AE,https://nssdc.gsfc.nasa.gov/nmc/spacecraft/display.action?id=2021031AE,200,2021-04-25,2021,4,Soyuz-2.1b/Fregat,Vostochny Cosmodrome, Russia<
164,2021031AD,https://nssdc.gsfc.nasa.gov/nmc/spacecraft/display.action?id=2021031AD,200,2021-04-25,2021,4,Soyuz-2.1b/Fregat,Vostochny Cosmodrome, Russia<
165,2021031AG,https://nssdc.gsfc.nasa.gov/nmc/spacecraft/display.action?id=2021031AG,200,2021-04-25,2021,4,Soyuz-2.1b/Fregat,Vostochny Cosmodrome, Russia<
166,2021-031J,https://nssdc.gsfc.nasa.gov/nmc/spacecraft/display.action?id=2021-031J,200,2021-04-25,2021,4,Soyuz-2.1b/Fregat,Vostochny Cosmodrome, Russia<
167,2021031AC,https://nssdc.gsfc.nasa.gov/nmc/spacecraft/display.action?id=2021031AC,200,2021-04-25,2021,4,Soyuz-2.1b/Fregat,Vostochny Cosmodrome, Russia<
168,2021-031G,https://nssdc.gsfc.nasa.gov/nmc/spacecraft/display.action?id=2021-031G,200,2021-04-25,2021,4,Soyuz-2.1b/Fregat,Vostochny Cosmodrome, Russia<
169,2021031AA,https://nssdc.gsfc.nasa.gov/nmc/spacecraft/display.action?id=2021031AA,200,2021-04-25,2021,4,Soyuz-2.1b/Fregat,Vostochny Cosmodrome, Russia<
170,2021031AL,https://nssdc.gsfc.nasa.gov/nmc/spacecraft/display.action?id=2021031AL,200,2021-04-25,2021,4,Soyuz-2.1b/Fregat,Vostochny Cosmodrome, Russia<
171,2021031AH,https://nssdc.gsfc.nasa.gov/nmc/spacecraft/display.action?id=2021031AH,200,2021-04-25,2021,4,Soyuz-2.1b/Fregat,Vostochny Cosmodrome, Russia<
172,2021-031Q,https://nssdc.gsfc.nasa.gov/nmc/spacecraft/display.action?id=2021-031Q,200,2021-04-25,2021,4,Soyuz-2.1b/Fregat,Vostochny Cosmodrome, Russia<
173,2021031AB,https://nssdc.gsfc.nasa.gov/nmc/spacecraft/display.action?id=2021031AB,200,2021-04-25,2021,4,Soyuz-2.1b/Fregat,Vostochny Cosmodrome, Russia<
174,2021-031R,https://nssdc.gsfc.nasa.gov/nmc/spacecraft/display.action?id=2021-031R,200,2021-04-25,2021,4,Soyuz-2.1b/Fregat,Vostochny Cosmodrome, Russia<
175,2021-031S,https://nssdc.gsfc.nasa.gov/nmc/spacecraft/display.action?id=2021-031S,200,2021-04-25,2021,4,Soyuz-2.1b/Fregat,Vostochny Cosmodrome, Russia<
176,2021-031T,https://nssdc.gsfc.nasa.gov/nmc/spacecraft/display.action?id=2021-031T,200,2021-04-25,2021,4,Soyuz-2.1b/Fregat,Vostochny Cosmodrome, Russia<
177,2021031AJ,https://nssdc.gsfc.nasa.gov/nmc/spacecraft/display.action?id=2021031AJ,200,2021-04-25,2021,4,Soyuz-2.1b/Fregat,Vostochny Cosmodrome, Russia<
178,2021031AK,https://nssdc.gsfc.nasa.gov/nmc/spacecraft/display.action?id=2021031AK,200,2021-04-25,2021,4,Soyuz-2.1b/Fregat,Vostochny Cosmodrome, Russia<
179,2021-031F,https://nssdc.gsfc.nasa.gov/nmc/spacecraft/display.action?id=2021-031F,200,2021-04-25,2021,4,Soyuz-2.1b/Fregat,Vostochny Cosmodrome, Russia<
180,2021-045W,https://nssdc.gsfc.nasa.gov/nmc/spacecraft/display.action?id=2021-045W,200,2021-05-28,2021,5,Soyuz-2.1b,Vostochny Cosmodrome, Russia<
181,2021-045A,https://nssdc.gsfc.nasa.gov/nmc/spacecraft/display.action?id=2021-045A,200,2021-05-28,2021,5,Soyuz-2.1b,Vostochny Cosmodrome, Russia<
182,2021045AA,https://nssdc.gsfc.nasa.gov/nmc/spacecraft/display.action?id=2021045AA,200,2021-05-28,2021,5,Soyuz-2.1b,Vostochny Cosmodrome, Russia<
183,2021-045Z,https://nssdc.gsfc.nasa.gov/nmc/spacecraft/display.action?id=2021-045Z,200,2021-05-28,2021,5,Soyuz-2.1b,Vostochny Cosmodrome, Russia<
184,2021-045X,https://nssdc.gsfc.nasa.gov/nmc/spacecraft/display.action?id=2021-045X,200,2021-05-28,2021,5,Soyuz-2.1b,Vostochny Cosmodrome, Russia<
185,2021045AK,https://nssdc.gsfc.nasa.gov/nmc/spacecraft/display.action?id=2021045AK,200,2021-05-28,2021,5,Soyuz-2.1b,Vostochny Cosmodrome, Russia<
186,2021045AL,https://nssdc.gsfc.nasa.gov/nmc/spacecraft/display.action?id=2021045AL,200,2021-05-28,2021,5,Soyuz-2.1b,Vostochny Cosmodrome, Russia<
187,2021031AM,https://nssdc.gsfc.nasa.gov/nmc/spacecraft/display.action?id=2021031AM,200,2021-04-25,2021,4,Soyuz-2.1b/Fregat,Vostochny Cosmodrome, Russia<
188,2021-031E,https://nssdc.gsfc.nasa.gov/nmc/spacecraft/display.action?id=2021-031E,200,2021-04-25,2021,4,Soyuz-2.1b/Fregat,Vostochny Cosmodrome, Russia<
189,2021-031P,https://nssdc.gsfc.nasa.gov/nmc/spacecraft/display.action?id=2021-031P,200,2021-04-25,2021,4,Soyuz-2.1b/Fregat,Vostochny Cosmodrome, Russia<
190,2021-031Y,https://nssdc.gsfc.nasa.gov/nmc/spacecraft/display.action?id=2021-031Y,200,2021-04-25,2021,4,Soyuz-2.1b/Fregat,Vostochny Cosmodrome, Russia<
191,2021-045Y,https://nssdc.gsfc.nasa.gov/nmc/spacecraft/display.action?id=2021-045Y,200,2021-05-28,2021,5,Soyuz-2.1b,Vostochny Cosmodrome, Russia<
192,2021-045J,https://nssdc.gsfc.nasa.gov/nmc/spacecraft/display.action?id=2021-045J,200,2021-05-28,2021,5,Soyuz-2.1b,Vostochny Cosmodrome, Russia<
193,2021-045B,https://nssdc.gsfc.nasa.gov/nmc/spacecraft/display.action?id=2021-045B,200,2021-05-28,2021,5,Soyuz-2.1b,Vostochny Cosmodrome, Russia<
194,2021045AD,https://nssdc.gsfc.nasa.gov/nmc/spacecraft/display.action?id=2021045AD,200,2021-05-28,2021,5,Soyuz-2.1b,Vostochny Cosmodrome, Russia<
195,2021045AJ,https://nssdc.gsfc.nasa.gov/nmc/spacecraft/display.action?id=2021045AJ,200,2021-05-28,2021,5,Soyuz-2.1b,Vostochny Cosmodrome, Russia<
196,2021045AC,https://nssdc.gsfc.nasa.gov/nmc/spacecraft/display.action?id=2021045AC,200,2021-05-28,2021,5,Soyuz-2.1b,Vostochny Cosmodrome, Russia<
197,2021045AB,https://nssdc.gsfc.nasa.gov/nmc/spacecraft/display.action?id=2021045AB,200,2021-05-28,2021,5,Soyuz-2.1b,Vostochny Cosmodrome, Russia<
198,2021-045P,https://nssdc.gsfc.nasa.gov/nmc/spacecraft/display.action?id=2021-045P,200,2021-05-28,2021,5,Soyuz-2.1b,Vostochny Cosmodrome, Russia<
199,2021-045N,https://nssdc.gsfc.nasa.gov/nmc/spacecraft/display.action?id=2021-045N,200,2021-05-28,2021,5,Soyuz-2.1b,Vostochny Cosmodrome, Russia<
200,2021-045C,https://nssdc.gsfc.nasa.gov/nmc/spacecraft/display.action?id=2021-045C,200,2021-05-28,2021,5,Soyuz-2.1b,Vostochny Cosmodrome, Russia<
201,2021-045R,https://nssdc.gsfc.nasa.gov/nmc/spacecraft/display.action?id=2021-045R,200,2021-05-28,2021,5,Soyuz-2.1b,Vostochny Cosmodrome, Russia<
202,2021-045Q,https://nssdc.gsfc.nasa.gov/nmc/spacecraft/display.action?id=2021-045Q,200,2021-05-28,2021,5,Soyuz-2.1b,Vostochny Cosmodrome, Russia<
203,2021045AE,https://nssdc.gsfc.nasa.gov/nmc/spacecraft/display.action?id=2021045AE,200,2021-05-28,2021,5,Soyuz-2.1b,Vostochny Cosmodrome, Russia<
204,2021-045S,https://nssdc.gsfc.nasa.gov/nmc/spacecraft/display.action?id=2021-045S,200,2021-05-28,2021,5,Soyuz-2.1b,Vostochny Cosmodrome, Russia<
205,2021-045E,https://nssdc.gsfc.nasa.gov/nmc/spacecraft/display.action?id=2021-045E,200,2021-05-28,2021,5,Soyuz-2.1b,Vostochny Cosmodrome, Russia<
206,2021045AG,https://nssdc.gsfc.nasa.gov/nmc/spacecraft/display.action?id=2021045AG,200,2021-05-28,2021,5,Soyuz-2.1b,Vostochny Cosmodrome, Russia<
207,2021-045D,https://nssdc.gsfc.nasa.gov/nmc/spacecraft/display.action?id=2021-045D,200,2021-05-28,2021,5,Soyuz-2.1b,Vostochny Cosmodrome, Russia<
208,2021-045T,https://nssdc.gsfc.nasa.gov/nmc/spacecraft/display.action?id=2021-045T,200,2021-05-28,2021,5,Soyuz-2.1b,Vostochny Cosmodrome, Russia<
209,2021045AM,https://nssdc.gsfc.nasa.gov/nmc/spacecraft/display.action?id=2021045AM,200,2021-05-28,2021,5,Soyuz-2.1b,Vostochny Cosmodrome, Russia<
210,2021-045U,https://nssdc.gsfc.nasa.gov/nmc/spacecraft/display.action?id=2021-045U,200,2021-05-28,2021,5,Soyuz-2.1b,Vostochny Cosmodrome, Russia<
211,2021-045G,https://nssdc.gsfc.nasa.gov/nmc/spacecraft/display.action?id=2021-045G,200,2021-05-28,2021,5,Soyuz-2.1b,Vostochny Cosmodrome, Russia<
212,2021-045F,https://nssdc.gsfc.nasa.gov/nmc/spacecraft/display.action?id=2021-045F,200,2021-05-28,2021,5,Soyuz-2.1b,Vostochny Cosmodrome, Russia<
213,2021-045H,https://nssdc.gsfc.nasa.gov/nmc/spacecraft/display.action?id=2021-045H,200,2021-05-28,2021,5,Soyuz-2.1b,Vostochny Cosmodrome, Russia<
214,2021-045K,https://nssdc.gsfc.nasa.gov/nmc/spacecraft/display.action?id=2021-045K,200,2021-05-28,2021,5,Soyuz-2.1b,Vostochny Cosmodrome, Russia<
215,2021-045M,https://nssdc.gsfc.nasa.gov/nmc/spacecraft/display.action?id=2021-045M,200,2021-05-28,2021,5,Soyuz-2.1b,Vostochny Cosmodrome, Russia<
216,2021-045V,https://nssdc.gsfc.nasa.gov/nmc/spacecraft/display.action?id=2021-045V,200,2021-05-28,2021,5,Soyuz-2.1b,Vostochny Cosmodrome, Russia<
217,2021-045L,https://nssdc.gsfc.nasa.gov/nmc/spacecraft/display.action?id=2021-045L,200,2021-05-28,2021,5,Soyuz-2.1b,Vostochny Cosmodrome, Russia<
218,2021045AH,https://nssdc.gsfc.nasa.gov/nmc/spacecraft/display.action?id=2021045AH,200,2021-05-28,2021,5,Soyuz-2.1b,Vostochny Cosmodrome, Russia<
219,2021-061A,https://nssdc.gsfc.nasa.gov/nmc/spacecraft/display.action?id=2021-061A,200,2021-07-01,2021,7,Soyuz-2.1b/Fregat,Vostochny Cosmodrome, Russia<
220,2021-061B,https://nssdc.gsfc.nasa.gov/nmc/spacecraft/display.action?id=2021-061B,200,2021-07-01,2021,7,Soyuz-2.1b/Fregat,Vostochny Cosmodrome, Russia<
221,2021-061C,https://nssdc.gsfc.nasa.gov/nmc/spacecraft/display.action?id=2021-061C,200,2021-07-01,2021,7,Soyuz-2.1b/Fregat,Vostochny Cosmodrome, Russia<
222,2021-061D,https://nssdc.gsfc.nasa.gov/nmc/spacecraft/display.action?id=2021-061D,200,2021-07-01,2021,7,Soyuz-2.1b/Fregat,Vostochny Cosmodrome, Russia<
223,2021-061E,https://nssdc.gsfc.nasa.gov/nmc/spacecraft/display.action?id=2021-061E,200,2021-07-01,2021,7,Soyuz-2.1b/Fregat,Vostochny Cosmodrome, Russia<
224,2021-061F,https://nssdc.gsfc.nasa.gov/nmc/spacecraft/display.action?id=2021-061F,200,2021-07-01,2021,7,Soyuz-2.1b/Fregat,Vostochny Cosmodrome, Russia<
225,2021-061G,https://nssdc.gsfc.nasa.gov/nmc/spacecraft/display.action?id=2021-061G,200,2021-07-01,2021,7,Soyuz-2.1b/Fregat,Vostochny Cosmodrome, Russia<
226,2021-061H,https://nssdc.gsfc.nasa.gov/nmc/spacecraft/display.action?id=2021-061H,200,2021-07-01,2021,7,Soyuz-2.1b/Fregat,Vostochny Cosmodrome, Russia<
227,2021-061J,https://nssdc.gsfc.nasa.gov/nmc/spacecraft/display.action?id=2021-061J,200,2021-07-01,2021,7,Soyuz-2.1b/Fregat,Vostochny Cosmodrome, Russia<
228,2021-061K,https://nssdc.gsfc.nasa.gov/nmc/spacecraft/display.action?id=2021-061K,200,2021-07-01,2021,7,Soyuz-2.1b/Fregat,Vostochny Cosmodrome, Russia<
229,2021-061L,https://nssdc.gsfc.nasa.gov/nmc/spacecraft/display.action?id=2021-061L,200,2021-07-01,2021,7,Soyuz-2.1b/Fregat,Vostochny Cosmodrome, Russia<
230,2021-061M,https://nssdc.gsfc.nasa.gov/nmc/spacecraft/display.action?id=2021-061M,200,2021-07-01,2021,7,Soyuz-2.1b/Fregat,Vostochny Cosmodrome, Russia<
231,2021-061N,https://nssdc.gsfc.nasa.gov/nmc/spacecraft/display.action?id=2021-061N,200,2021-07-01,2021,7,Soyuz-2.1b/Fregat,Vostochny Cosmodrome, Russia<
232,2021-061P,https://nssdc.gsfc.nasa.gov/nmc/spacecraft/display.action?id=2021-061P,200,2021-07-01,2021,7,Soyuz-2.1b/Fregat,Vostochny Cosmodrome, Russia<
233,2021-061Q,https://nssdc.gsfc.nasa.gov/nmc/spacecraft/display.action?id=2021-061Q,200,2021-07-01,2021,7,Soyuz-2.1b/Fregat,Vostochny Cosmodrome, Russia<
234,2021-061R,https://nssdc.gsfc.nasa.gov/nmc/spacecraft/display.action?id=2021-061R,200,2021-07-01,2021,7,Soyuz-2.1b/Fregat,Vostochny Cosmodrome, Russia<
235,2021-061S,https://nssdc.gsfc.nasa.gov/nmc/spacecraft/display.action?id=2021-061S,200,2021-07-01,2021,7,Soyuz-2.1b/Fregat,Vostochny Cosmodrome, Russia<
236,2021-061T,https://nssdc.gsfc.nasa.gov/nmc/spacecraft/display.action?id=2021-061T,200,2021-07-01,2021,7,Soyuz-2.1b/Fregat,Vostochny Cosmodrome, Russia<
237,2021-061U,https://nssdc.gsfc.nasa.gov/nmc/spacecraft/display.action?id=2021-061U,200,2021-07-01,2021,7,Soyuz-2.1b/Fregat,Vostochny Cosmodrome, Russia<
238,2021-061V,https://nssdc.gsfc.nasa.gov/nmc/spacecraft/display.action?id=2021-061V,200,2021-07-01,2021,7,Soyuz-2.1b/Fregat,Vostochny Cosmodrome, Russia<
239,2021-061W,https://nssdc.gsfc.nasa.gov/nmc/spacecraft/display.action?id=2021-061W,200,2021-07-01,2021,7,Soyuz-2.1b/Fregat,Vostochny Cosmodrome, Russia<
240,2021-061X,https://nssdc.gsfc.nasa.gov/nmc/spacecraft/display.action?id=2021-061X,200,2021-07-01,2021,7,Soyuz-2.1b/Fregat,Vostochny Cosmodrome, Russia<
241,2021-061Y,https://nssdc.gsfc.nasa.gov/nmc/spacecraft/display.action?id=2021-061Y,200,2021-07-01,2021,7,Soyuz-2.1b/Fregat,Vostochny Cosmodrome, Russia<
242,2021-061Z,https://nssdc.gsfc.nasa.gov/nmc/spacecraft/display.action?id=2021-061Z,200,2021-07-01,2021,7,Soyuz-2.1b/Fregat,Vostochny Cosmodrome, Russia<
243,2021061AA,https://nssdc.gsfc.nasa.gov/nmc/spacecraft/display.action?id=2021061AA,200,2021-07-01,2021,7,Soyuz-2.1b/Fregat,Vostochny Cosmodrome, Russia<
244,2021061AB,https://nssdc.gsfc.nasa.gov/nmc/spacecraft/display.action?id=2021061AB,200,2021-07-01,2021,7,Soyuz-2.1b/Fregat,Vostochny Cosmodrome, Russia<
245,2021061AC,https://nssdc.gsfc.nasa.gov/nmc/spacecraft/display.action?id=2021061AC,200,2021-07-01,2021,7,Soyuz-2.1b/Fregat,Vostochny Cosmodrome, Russia<
246,2021061AD,https://nssdc.gsfc.nasa.gov/nmc/spacecraft/display.action?id=2021061AD,200,2021-07-01,2021,7,Soyuz-2.1b/Fregat,Vostochny Cosmodrome, Russia<
247,2021061AE,https://nssdc.gsfc.nasa.gov/nmc/spacecraft/display.action?id=2021061AE,200,2021-07-01,2021,7,Soyuz-2.1b/Fregat,Vostochny Cosmodrome, Russia<
248,2021061AF,https://nssdc.gsfc.nasa.gov/nmc/spacecraft/display.action?id=2021061AF,200,2021-07-01,2021,7,Soyuz-2.1b/Fregat,Vostochny Cosmodrome, Russia<
249,2021061AG,https://nssdc.gsfc.nasa.gov/nmc/spacecraft/display.action?id=2021061AG,200,2021-07-01,2021,7,Soyuz-2.1b/Fregat,Vostochny Cosmodrome, Russia<
250,2021061AH,https://nssdc.gsfc.nasa.gov/nmc/spacecraft/display.action?id=2021061AH,200,2021-07-01,2021,7,Soyuz-2.1b/Fregat,Vostochny Cosmodrome, Russia<
251,2021061AJ,https://nssdc.gsfc.nasa.gov/nmc/spacecraft/display.action?id=2021061AJ,200,2021-07-01,2021,7,Soyuz-2.1b/Fregat,Vostochny Cosmodrome, Russia<
252,2021061AK,https://nssdc.gsfc.nasa.gov/nmc/spacecraft/display.action?id=2021061AK,200,2021-07-01,2021,7,Soyuz-2.1b/Fregat,Vostochny Cosmodrome, Russia<
253,2021061AL,https://nssdc.gsfc.nasa.gov/nmc/spacecraft/display.action?id=2021061AL,200,2021-07-01,2021,7,Soyuz-2.1b/Fregat,Vostochny Cosmodrome, Russia<
254,2021061AM,https://nssdc.gsfc.nasa.gov/nmc/spacecraft/display.action?id=2021061AM,200,2021-07-01,2021,7,Soyuz-2.1b/Fregat,Vostochny Cosmodrome, Russia<
255,2021-075A,https://nssdc.gsfc.nasa.gov/nmc/spacecraft/display.action?id=2021-075A,200,2021-08-21,2021,8,Soyuz-2.1a/Fregat,Tyuratam (Baikonur Cosmodrome,
256,2021-075B,https://nssdc.gsfc.nasa.gov/nmc/spacecraft/display.action?id=2021-075B,200,2021-08-21,2021,8,Soyuz-2.1a/Fregat,Tyuratam (Baikonur Cosmodrome,
257,2021-075C,https://nssdc.gsfc.nasa.gov/nmc/spacecraft/display.action?id=2021-075C,200,2021-08-21,2021,8,Soyuz-2.1a/Fregat,Tyuratam (Baikonur Cosmodrome,
258,2021-075D,https://nssdc.gsfc.nasa.gov/nmc/spacecraft/display.action?id=2021-075D,200,2021-08-21,2021,8,Soyuz-2.1a/Fregat,Tyuratam (Baikonur Cosmodrome,
259,2021-075E,https://nssdc.gsfc.nasa.gov/nmc/spacecraft/display.action?id=2021-075E,200,2021-08-21,2021,8,Soyuz-2.1a/Fregat,Tyuratam (Baikonur Cosmodrome,
260,2021-075F,https://nssdc.gsfc.nasa.gov/nmc/spacecraft/display.action?id=2021-075F,200,2021-08-21,2021,8,Soyuz-2.1a/Fregat,Tyuratam (Baikonur Cosmodrome,
261,2021-075G,https://nssdc.gsfc.nasa.gov/nmc/spacecraft/display.action?id=2021-075G,200,2021-08-21,2021,8,Soyuz-2.1a/Fregat,Tyuratam (Baikonur Cosmodrome,
262,2021-083A,https://nssdc.gsfc.nasa.gov/nmc/spacecraft/display.action?id=2021-083A,200,2021-09-14,2021,9,Soyuz-2.1b/Fregat,Tyuratam (Baikonur Cosmodrome,
263,2021-075H,https://nssdc.gsfc.nasa.gov/nmc/spacecraft/display.action?id=2021-075H,200,2021-08-21,2021,8,Soyuz-2.1a/Fregat,Tyuratam (Baikonur Cosmodrome,
264,2021-075J,https://nssdc.gsfc.nasa.gov/nmc/spacecraft/display.action?id=2021-075J,200,2021-08-21,2021,8,Soyuz-2.1a/Fregat,Tyuratam (Baikonur Cosmodrome,
265,2021-075K,https://nssdc.gsfc.nasa.gov/nmc/spacecraft/display.action?id=2021-075K,200,2021-08-21,2021,8,Soyuz-2.1a/Fregat,Tyuratam (Baikonur Cosmodrome,
266,2021-075L,https://nssdc.gsfc.nasa.gov/nmc/spacecraft/display.action?id=2021-075L,200,2021-08-21,2021,8,Soyuz-2.1a/Fregat,Tyuratam (Baikonur Cosmodrome,
267,2021-075M,https://nssdc.gsfc.nasa.gov/nmc/spacecraft/display.action?id=2021-075M,200,2021-08-21,2021,8,Soyuz-2.1a/Fregat,Tyuratam (Baikonur Cosmodrome,
268,2021-075N,https://nssdc.gsfc.nasa.gov/nmc/spacecraft/display.action?id=2021-075N,200,2021-08-21,2021,8,Soyuz-2.1a/Fregat,Tyuratam (Baikonur Cosmodrome,
269,2021-075P,https://nssdc.gsfc.nasa.gov/nmc/spacecraft/display.action?id=2021-075P,200,2021-08-21,2021,8,Soyuz-2.1a/Fregat,Tyuratam (Baikonur Cosmodrome,
270,2021-075Q,https://nssdc.gsfc.nasa.gov/nmc/spacecraft/display.action?id=2021-075Q,200,2021-08-21,2021,8,Soyuz-2.1a/Fregat,Tyuratam (Baikonur Cosmodrome,
271,2021-075R,https://nssdc.gsfc.nasa.gov/nmc/spacecraft/display.action?id=2021-075R,200,2021-08-21,2021,8,Soyuz-2.1a/Fregat,Tyuratam (Baikonur Cosmodrome,
272,2021-075S,https://nssdc.gsfc.nasa.gov/nmc/spacecraft/display.action?id=2021-075S,200,2021-08-21,2021,8,Soyuz-2.1a/Fregat,Tyuratam (Baikonur Cosmodrome,
273,2021-083B,https://nssdc.gsfc.nasa.gov/nmc/spacecraft/display.action?id=2021-083B,200,2021-09-14,2021,9,Soyuz-2.1b/Fregat,Tyuratam (Baikonur Cosmodrome,
274,2021-075T,https://nssdc.gsfc.nasa.gov/nmc/spacecraft/display.action?id=2021-075T,200,2021-08-21,2021,8,Soyuz-2.1a/Fregat,Tyuratam (Baikonur Cosmodrome,
275,2021-075U,https://nssdc.gsfc.nasa.gov/nmc/spacecraft/display.action?id=2021-075U,200,2021-08-21,2021,8,Soyuz-2.1a/Fregat,Tyuratam (Baikonur Cosmodrome,
276,2021-083C,https://nssdc.gsfc.nasa.gov/nmc/spacecraft/display.action?id=2021-083C,200,2021-09-14,2021,9,Soyuz-2.1b/Fregat,Tyuratam (Baikonur Cosmodrome,
277,2021-083D,https://nssdc.gsfc.nasa.gov/nmc/spacecraft/display.action?id=2021-083D,200,2021-09-14,2021,9,Soyuz-2.1b/Fregat,Tyuratam (Baikonur Cosmodrome,
278,2021-075V,https://nssdc.gsfc.nasa.gov/nmc/spacecraft/display.action?id=2021-075V,200,2021-08-21,2021,8,Soyuz-2.1a/Fregat,Tyuratam (Baikonur Cosmodrome,
279,2021-075W,https://nssdc.gsfc.nasa.gov/nmc/spacecraft/display.action?id=2021-075W,200,2021-08-21,2021,8,Soyuz-2.1a/Fregat,Tyuratam (Baikonur Cosmodrome,
280,2021-075X,https://nssdc.gsfc.nasa.gov/nmc/spacecraft/display.action?id=2021-075X,200,2021-08-21,2021,8,Soyuz-2.1a/Fregat,Tyuratam (Baikonur Cosmodrome,
281,2021-075Y,https://nssdc.gsfc.nasa.gov/nmc/spacecraft/display.action?id=2021-075Y,200,2021-08-21,2021,8,Soyuz-2.1a/Fregat,Tyuratam (Baikonur Cosmodrome,
282,2021-075Z,https://nssdc.gsfc.nasa.gov/nmc/spacecraft/display.action?id=2021-075Z,200,2021-08-21,2021,8,Soyuz-2.1a/Fregat,Tyuratam (Baikonur Cosmodrome,
283,2021075AA,https://nssdc.gsfc.nasa.gov/nmc/spacecraft/display.action?id=2021075AA,200,2021-08-21,2021,8,Soyuz-2.1a/Fregat,Tyuratam (Baikonur Cosmodrome,
284,2021075AB,https://nssdc.gsfc.nasa.gov/nmc/spacecraft/display.action?id=2021075AB,200,2021-08-21,2021,8,Soyuz-2.1a/Fregat,Tyuratam (Baikonur Cosmodrome,
285,2021075AC,https://nssdc.gsfc.nasa.gov/nmc/spacecraft/display.action?id=2021075AC,200,2021-08-21,2021,8,Soyuz-2.1a/Fregat,Tyuratam (Baikonur Cosmodrome,
286,2021075AD,https://nssdc.gsfc.nasa.gov/nmc/spacecraft/display.action?id=2021075AD,200,2021-08-21,2021,8,Soyuz-2.1a/Fregat,Tyuratam (Baikonur Cosmodrome,
287,2021075AE,https://nssdc.gsfc.nasa.gov/nmc/spacecraft/display.action?id=2021075AE,200,2021-08-21,2021,8,Soyuz-2.1a/Fregat,Tyuratam (Baikonur Cosmodrome,
288,2021075AF,https://nssdc.gsfc.nasa.gov/nmc/spacecraft/display.action?id=2021075AF,200,2021-08-21,2021,8,Soyuz-2.1a/Fregat,Tyuratam (Baikonur Cosmodrome,
289,2021075AG,https://nssdc.gsfc.nasa.gov/nmc/spacecraft/display.action?id=2021075AG,200,2021-08-21,2021,8,Soyuz-2.1a/Fregat,Tyuratam (Baikonur Cosmodrome,
290,2021-083E,https://nssdc.gsfc.nasa.gov/nmc/spacecraft/display.action?id=2021-083E,200,2021-09-14,2021,9,Soyuz-2.1b/Fregat,Tyuratam (Baikonur Cosmodrome,
291,2021-083F,https://nssdc.gsfc.nasa.gov/nmc/spacecraft/display.action?id=2021-083F,200,2021-09-14,2021,9,Soyuz-2.1b/Fregat,Tyuratam (Baikonur Cosmodrome,
292,2021-083G,https://nssdc.gsfc.nasa.gov/nmc/spacecraft/display.action?id=2021-083G,200,2021-09-14,2021,9,Soyuz-2.1b/Fregat,Tyuratam (Baikonur Cosmodrome,
293,2021075AH,https://nssdc.gsfc.nasa.gov/nmc/spacecraft/display.action?id=2021075AH,200,2021-08-21,2021,8,Soyuz-2.1a/Fregat,Tyuratam (Baikonur Cosmodrome,
294,2021-083H,https://nssdc.gsfc.nasa.gov/nmc/spacecraft/display.action?id=2021-083H,200,2021-09-14,2021,9,Soyuz-2.1b/Fregat,Tyuratam (Baikonur Cosmodrome,
295,2021-083J,https://nssdc.gsfc.nasa.gov/nmc/spacecraft/display.action?id=2021-083J,200,2021-09-14,2021,9,Soyuz-2.1b/Fregat,Tyuratam (Baikonur Cosmodrome,
296,2021-083K,https://nssdc.gsfc.nasa.gov/nmc/spacecraft/display.action?id=2021-083K,200,2021-09-14,2021,9,Soyuz-2.1b/Fregat,Tyuratam (Baikonur Cosmodrome,
297,2021-083L,https://nssdc.gsfc.nasa.gov/nmc/spacecraft/display.action?id=2021-083L,200,2021-09-14,2021,9,Soyuz-2.1b/Fregat,Tyuratam (Baikonur Cosmodrome,
298,2021-083M,https://nssdc.gsfc.nasa.gov/nmc/spacecraft/display.action?id=2021-083M,200,2021-09-14,2021,9,Soyuz-2.1b/Fregat,Tyuratam (Baikonur Cosmodrome,
299,2021075AJ,https://nssdc.gsfc.nasa.gov/nmc/spacecraft/display.action?id=2021075AJ,200,2021-08-21,2021,8,Soyuz-2.1a/Fregat,Tyuratam (Baikonur Cosmodrome,
300,2021075AK,https://nssdc.gsfc.nasa.gov/nmc/spacecraft/display.action?id=2021075AK,200,2021-08-21,2021,8,Soyuz-2.1a/Fregat,Tyuratam (Baikonur Cosmodrome,
301,2021-083N,https://nssdc.gsfc.nasa.gov/nmc/spacecraft/display.action?id=2021-083N,200,2021-09-14,2021,9,Soyuz-2.1b/Fregat,Tyuratam (Baikonur Cosmodrome,
302,2021-090A,https://nssdc.gsfc.nasa.gov/nmc/spacecraft/display.action?id=2021-090A,200,2021-10-14,2021,10,Soyuz-2.1b/Fregat,Vostochny Cosmodrome, Russia<
303,2021-083P,https://nssdc.gsfc.nasa.gov/nmc/spacecraft/display.action?id=2021-083P,200,2021-09-14,2021,9,Soyuz-2.1b/Fregat,Tyuratam (Baikonur Cosmodrome,
304,2021-083Q,https://nssdc.gsfc.nasa.gov/nmc/spacecraft/display.action?id=2021-083Q,200,2021-09-14,2021,9,Soyuz-2.1b/Fregat,Tyuratam (Baikonur Cosmodrome,
305,2021-083R,https://nssdc.gsfc.nasa.gov/nmc/spacecraft/display.action?id=2021-083R,200,2021-09-14,2021,9,Soyuz-2.1b/Fregat,Tyuratam (Baikonur Cosmodrome,
306,2021-083S,https://nssdc.gsfc.nasa.gov/nmc/spacecraft/display.action?id=2021-083S,200,2021-09-14,2021,9,Soyuz-2.1b/Fregat,Tyuratam (Baikonur Cosmodrome,
307,2021-083T,https://nssdc.gsfc.nasa.gov/nmc/spacecraft/display.action?id=2021-083T,200,2021-09-14,2021,9,Soyuz-2.1b/Fregat,Tyuratam (Baikonur Cosmodrome,
308,2021-083U,https://nssdc.gsfc.nasa.gov/nmc/spacecraft/display.action?id=2021-083U,200,2021-09-14,2021,9,Soyuz-2.1b/Fregat,Tyuratam (Baikonur Cosmodrome,
309,2021-083V,https://nssdc.gsfc.nasa.gov/nmc/spacecraft/display.action?id=2021-083V,200,2021-09-14,2021,9,Soyuz-2.1b/Fregat,Tyuratam (Baikonur Cosmodrome,
310,2021-083W,https://nssdc.gsfc.nasa.gov/nmc/spacecraft/display.action?id=2021-083W,200,2021-09-14,2021,9,Soyuz-2.1b/Fregat,Tyuratam (Baikonur Cosmodrome,
311,2021-083X,https://nssdc.gsfc.nasa.gov/nmc/spacecraft/display.action?id=2021-083X,200,2021-09-14,2021,9,Soyuz-2.1b/Fregat,Tyuratam (Baikonur Cosmodrome,
312,2021-083Y,https://nssdc.gsfc.nasa.gov/nmc/spacecraft/display.action?id=2021-083Y,200,2021-09-14,2021,9,Soyuz-2.1b/Fregat,Tyuratam (Baikonur Cosmodrome,
313,2021-083Z,https://nssdc.gsfc.nasa.gov/nmc/spacecraft/display.action?id=2021-083Z,200,2021-09-14,2021,9,Soyuz-2.1b/Fregat,Tyuratam (Baikonur Cosmodrome,
314,2021083AA,https://nssdc.gsfc.nasa.gov/nmc/spacecraft/display.action?id=2021083AA,200,2021-09-14,2021,9,Soyuz-2.1b/Fregat,Tyuratam (Baikonur Cosmodrome,
315,2021083AB,https://nssdc.gsfc.nasa.gov/nmc/spacecraft/display.action?id=2021083AB,200,2021-09-14,2021,9,Soyuz-2.1b/Fregat,Tyuratam (Baikonur Cosmodrome,
316,2021083AC,https://nssdc.gsfc.nasa.gov/nmc/spacecraft/display.action?id=2021083AC,200,2021-09-14,2021,9,Soyuz-2.1b/Fregat,Tyuratam (Baikonur Cosmodrome,
317,2021-090B,https://nssdc.gsfc.nasa.gov/nmc/spacecraft/display.action?id=2021-090B,200,2021-10-14,2021,10,Soyuz-2.1b/Fregat,Vostochny Cosmodrome, Russia<
318,2021083AD,https://nssdc.gsfc.nasa.gov/nmc/spacecraft/display.action?id=2021083AD,200,2021-09-14,2021,9,Soyuz-2.1b/Fregat,Tyuratam (Baikonur Cosmodrome,
319,2021-090C,https://nssdc.gsfc.nasa.gov/nmc/spacecraft/display.action?id=2021-090C,200,2021-10-14,2021,10,Soyuz-2.1b/Fregat,Vostochny Cosmodrome, Russia<
320,2021083AE,https://nssdc.gsfc.nasa.gov/nmc/spacecraft/display.action?id=2021083AE,200,2021-09-14,2021,9,Soyuz-2.1b/Fregat,Tyuratam (Baikonur Cosmodrome,
321,2021083AF,https://nssdc.gsfc.nasa.gov/nmc/spacecraft/display.action?id=2021083AF,200,2021-09-14,2021,9,Soyuz-2.1b/Fregat,Tyuratam (Baikonur Cosmodrome,
322,2021083AG,https://nssdc.gsfc.nasa.gov/nmc/spacecraft/display.action?id=2021083AG,200,2021-09-14,2021,9,Soyuz-2.1b/Fregat,Tyuratam (Baikonur Cosmodrome,
323,2021-090D,https://nssdc.gsfc.nasa.gov/nmc/spacecraft/display.action?id=2021-090D,200,2021-10-14,2021,10,Soyuz-2.1b/Fregat,Vostochny Cosmodrome, Russia<
324,2021083AH,https://nssdc.gsfc.nasa.gov/nmc/spacecraft/display.action?id=2021083AH,200,2021-09-14,2021,9,Soyuz-2.1b/Fregat,Tyuratam (Baikonur Cosmodrome,
325,2021083AJ,https://nssdc.gsfc.nasa.gov/nmc/spacecraft/display.action?id=2021083AJ,200,2021-09-14,2021,9,Soyuz-2.1b/Fregat,Tyuratam (Baikonur Cosmodrome,
326,2021-090E,https://nssdc.gsfc.nasa.gov/nmc/spacecraft/display.action?id=2021-090E,200,2021-10-14,2021,10,Soyuz-2.1b/Fregat,Vostochny Cosmodrome, Russia<
327,2021083AK,https://nssdc.gsfc.nasa.gov/nmc/spacecraft/display.action?id=2021083AK,200,2021-09-14,2021,9,Soyuz-2.1b/Fregat,Tyuratam (Baikonur Cosmodrome,
328,2021-090F,https://nssdc.gsfc.nasa.gov/nmc/spacecraft/display.action?id=2021-090F,200,2021-10-14,2021,10,Soyuz-2.1b/Fregat,Vostochny Cosmodrome, Russia<
329,2021-090G,https://nssdc.gsfc.nasa.gov/nmc/spacecraft/display.action?id=2021-090G,200,2021-10-14,2021,10,Soyuz-2.1b/Fregat,Vostochny Cosmodrome, Russia<
330,2021-090H,https://nssdc.gsfc.nasa.gov/nmc/spacecraft/display.action?id=2021-090H,200,2021-10-14,2021,10,Soyuz-2.1b/Fregat,Vostochny Cosmodrome, Russia<
331,2021-090J,https://nssdc.gsfc.nasa.gov/nmc/spacecraft/display.action?id=2021-090J,200,2021-10-14,2021,10,Soyuz-2.1b/Fregat,Vostochny Cosmodrome, Russia<
332,2021-090K,https://nssdc.gsfc.nasa.gov/nmc/spacecraft/display.action?id=2021-090K,200,2021-10-14,2021,10,Soyuz-2.1b/Fregat,Vostochny Cosmodrome, Russia<
333,2021-090L,https://nssdc.gsfc.nasa.gov/nmc/spacecraft/display.action?id=2021-090L,200,2021-10-14,2021,10,Soyuz-2.1b/Fregat,Vostochny Cosmodrome, Russia<
334,2021-090M,https://nssdc.gsfc.nasa.gov/nmc/spacecraft/display.action?id=2021-090M,200,2021-10-14,2021,10,Soyuz-2.1b/Fregat,Vostochny Cosmodrome, Russia<
335,2021-090N,https://nssdc.gsfc.nasa.gov/nmc/spacecraft/display.action?id=2021-090N,200,2021-10-14,2021,10,Soyuz-2.1b/Fregat,Vostochny Cosmodrome, Russia<
336,2021-090P,https://nssdc.gsfc.nasa.gov/nmc/spacecraft/display.action?id=2021-090P,200,2021-10-14,2021,10,Soyuz-2.1b/Fregat,Vostochny Cosmodrome, Russia<
337,2021-090Q,https://nssdc.gsfc.nasa.gov/nmc/spacecraft/display.action?id=2021-090Q,200,2021-10-14,2021,10,Soyuz-2.1b/Fregat,Vostochny Cosmodrome, Russia<
338,2021-090R,https://nssdc.gsfc.nasa.gov/nmc/spacecraft/display.action?id=2021-090R,200,2021-10-14,2021,10,Soyuz-2.1b/Fregat,Vostochny Cosmodrome, Russia<
339,2021-090S,https://nssdc.gsfc.nasa.gov/nmc/spacecraft/display.action?id=2021-090S,200,2021-10-14,2021,10,Soyuz-2.1b/Fregat,Vostochny Cosmodrome, Russia<
340,2021-090T,https://nssdc.gsfc.nasa.gov/nmc/spacecraft/display.action?id=2021-090T,200,2021-10-14,2021,10,Soyuz-2.1b/Fregat,Vostochny Cosmodrome, Russia<
341,2021-090U,https://nssdc.gsfc.nasa.gov/nmc/spacecraft/display.action?id=2021-090U,200,2021-10-14,2021,10,Soyuz-2.1b/Fregat,Vostochny Cosmodrome, Russia<
342,2021-090V,https://nssdc.gsfc.nasa.gov/nmc/spacecraft/display.action?id=2021-090V,200,2021-10-14,2021,10,Soyuz-2.1b/Fregat,Vostochny Cosmodrome, Russia<
343,2021-090W,https://nssdc.gsfc.nasa.gov/nmc/spacecraft/display.action?id=2021-090W,200,2021-10-14,2021,10,Soyuz-2.1b/Fregat,Vostochny Cosmodrome, Russia<
344,2021-090X,https://nssdc.gsfc.nasa.gov/nmc/spacecraft/display.action?id=2021-090X,200,2021-10-14,2021,10,Soyuz-2.1b/Fregat,Vostochny Cosmodrome, Russia<
345,2021-090Y,https://nssdc.gsfc.nasa.gov/nmc/spacecraft/display.action?id=2021-090Y,200,2021-10-14,2021,10,Soyuz-2.1b/Fregat,Vostochny Cosmodrome, Russia<
346,2021-090Z,https://nssdc.gsfc.nasa.gov/nmc/spacecraft/display.action?id=2021-090Z,200,2021-10-14,2021,10,Soyuz-2.1b/Fregat,Vostochny Cosmodrome, Russia<
347,2021090AA,https://nssdc.gsfc.nasa.gov/nmc/spacecraft/display.action?id=2021090AA,200,2021-10-14,2021,10,Soyuz-2.1b/Fregat,Vostochny Cosmodrome, Russia<
348,2021090AB,https://nssdc.gsfc.nasa.gov/nmc/spacecraft/display.action?id=2021090AB,200,2021-10-14,2021,10,Soyuz-2.1b/Fregat,Vostochny Cosmodrome, Russia<
349,2021090AC,https://nssdc.gsfc.nasa.gov/nmc/spacecraft/display.action?id=2021090AC,200,2021-10-14,2021,10,Soyuz-2.1b/Fregat,Vostochny Cosmodrome, Russia<
350,2021090AD,https://nssdc.gsfc.nasa.gov/nmc/spacecraft/display.action?id=2021090AD,200,2021-10-14,2021,10,Soyuz-2.1b/Fregat,Vostochny Cosmodrome, Russia<
351,2021090AE,https://nssdc.gsfc.nasa.gov/nmc/spacecraft/display.action?id=2021090AE,200,2021-10-14,2021,10,Soyuz-2.1b/Fregat,Vostochny Cosmodrome, Russia<
352,2021090AF,https://nssdc.gsfc.nasa.gov/nmc/spacecraft/display.action?id=2021090AF,200,2021-10-14,2021,10,Soyuz-2.1b/Fregat,Vostochny Cosmodrome, Russia<
353,2021090AG,https://nssdc.gsfc.nasa.gov/nmc/spacecraft/display.action?id=2021090AG,200,2021-10-14,2021,10,Soyuz-2.1b/Fregat,Vostochny Cosmodrome, Russia<
354,2021090AH,https://nssdc.gsfc.nasa.gov/nmc/spacecraft/display.action?id=2021090AH,200,2021-10-14,2021,10,Soyuz-2.1b/Fregat,Vostochny Cosmodrome, Russia<
355,2021090AJ,https://nssdc.gsfc.nasa.gov/nmc/spacecraft/display.action?id=2021090AJ,200,2021-10-14,2021,10,Soyuz-2.1b/Fregat,Vostochny Cosmodrome, Russia<
356,2021090AK,https://nssdc.gsfc.nasa.gov/nmc/spacecraft/display.action?id=2021090AK,200,2021-10-14,2021,10,Soyuz-2.1b/Fregat,Vostochny Cosmodrome, Russia<
357,2021090AL,https://nssdc.gsfc.nasa.gov/nmc/spacecraft/display.action?id=2021090AL,200,2021-10-14,2021,10,Soyuz-2.1b/Fregat,Vostochny Cosmodrome, Russia<
358,2021090AM,https://nssdc.gsfc.nasa.gov/nmc/spacecraft/display.action?id=2021090AM,200,2021-10-14,2021,10,Soyuz-2.1b/Fregat,Vostochny Cosmodrome, Russia<
359,2021-132A,https://nssdc.gsfc.nasa.gov/nmc/spacecraft/display.action?id=2021-132A,200,2021-12-27,2021,12,Soyuz-2.1b/Fregat,Tyuratam (Baikonur Cosmodrome,
360,2021-132B,https://nssdc.gsfc.nasa.gov/nmc/spacecraft/display.action?id=2021-132B,200,2021-12-27,2021,12,Soyuz-2.1b/Fregat,Tyuratam (Baikonur Cosmodrome,
361,2021-132C,https://nssdc.gsfc.nasa.gov/nmc/spacecraft/display.action?id=2021-132C,200,2021-12-27,2021,12,Soyuz-2.1b/Fregat,Tyuratam (Baikonur Cosmodrome,
362,2021-132D,https://nssdc.gsfc.nasa.gov/nmc/spacecraft/display.action?id=2021-132D,200,2021-12-27,2021,12,Soyuz-2.1b/Fregat,Tyuratam (Baikonur Cosmodrome,
363,2021-132E,https://nssdc.gsfc.nasa.gov/nmc/spacecraft/display.action?id=2021-132E,200,2021-12-27,2021,12,Soyuz-2.1b/Fregat,Tyuratam (Baikonur Cosmodrome,
364,2021-132F,https://nssdc.gsfc.nasa.gov/nmc/spacecraft/display.action?id=2021-132F,200,2021-12-27,2021,12,Soyuz-2.1b/Fregat,Tyuratam (Baikonur Cosmodrome,
365,2021-132G,https://nssdc.gsfc.nasa.gov/nmc/spacecraft/display.action?id=2021-132G,200,2021-12-27,2021,12,Soyuz-2.1b/Fregat,Tyuratam (Baikonur Cosmodrome,
366,2021-132H,https://nssdc.gsfc.nasa.gov/nmc/spacecraft/display.action?id=2021-132H,200,2021-12-27,2021,12,Soyuz-2.1b/Fregat,Tyuratam (Baikonur Cosmodrome,
367,2021-132J,https://nssdc.gsfc.nasa.gov/nmc/spacecraft/display.action?id=2021-132J,200,2021-12-27,2021,12,Soyuz-2.1b/Fregat,Tyuratam (Baikonur Cosmodrome,
368,2021-132K,https://nssdc.gsfc.nasa.gov/nmc/spacecraft/display.action?id=2021-132K,200,2021-12-27,2021,12,Soyuz-2.1b/Fregat,Tyuratam (Baikonur Cosmodrome,
369,2021-132L,https://nssdc.gsfc.nasa.gov/nmc/spacecraft/display.action?id=2021-132L,200,2021-12-27,2021,12,Soyuz-2.1b/Fregat,Tyuratam (Baikonur Cosmodrome,
370,2021-132M,https://nssdc.gsfc.nasa.gov/nmc/spacecraft/display.action?id=2021-132M,200,2021-12-27,2021,12,Soyuz-2.1b/Fregat,Tyuratam (Baikonur Cosmodrome,
371,2021-132N,https://nssdc.gsfc.nasa.gov/nmc/spacecraft/display.action?id=2021-132N,200,2021-12-27,2021,12,Soyuz-2.1b/Fregat,Tyuratam (Baikonur Cosmodrome,
372,2021-132P,https://nssdc.gsfc.nasa.gov/nmc/spacecraft/display.action?id=2021-132P,200,2021-12-27,2021,12,Soyuz-2.1b/Fregat,Tyuratam (Baikonur Cosmodrome,
373,2021-132Q,https://nssdc.gsfc.nasa.gov/nmc/spacecraft/display.action?id=2021-132Q,200,2021-12-27,2021,12,Soyuz-2.1b/Fregat,Tyuratam (Baikonur Cosmodrome,
374,2021-132R,https://nssdc.gsfc.nasa.gov/nmc/spacecraft/display.action?id=2021-132R,200,2021-12-27,2021,12,Soyuz-2.1b/Fregat,Tyuratam (Baikonur Cosmodrome,
375,2021-132S,https://nssdc.gsfc.nasa.gov/nmc/spacecraft/display.action?id=2021-132S,200,2021-12-27,2021,12,Soyuz-2.1b/Fregat,Tyuratam (Baikonur Cosmodrome,
376,2021-132T,https://nssdc.gsfc.nasa.gov/nmc/spacecraft/display.action?id=2021-132T,200,2021-12-27,2021,12,Soyuz-2.1b/Fregat,Tyuratam (Baikonur Cosmodrome,
377,2021-132U,https://nssdc.gsfc.nasa.gov/nmc/spacecraft/display.action?id=2021-132U,200,2021-12-27,2021,12,Soyuz-2.1b/Fregat,Tyuratam (Baikonur Cosmodrome,
378,2021-132V,https://nssdc.gsfc.nasa.gov/nmc/spacecraft/display.action?id=2021-132V,200,2021-12-27,2021,12,Soyuz-2.1b/Fregat,Tyuratam (Baikonur Cosmodrome,
379,2022-012A,https://nssdc.gsfc.nasa.gov/nmc/spacecraft/display.action?id=2022-012A,200,2022-02-10,2022,2,Soyuz ST-B/Fregat M,Kourou, French Guiana
380,2022-012B,https://nssdc.gsfc.nasa.gov/nmc/spacecraft/display.action?id=2022-012B,200,2022-02-10,2022,2,Soyuz ST-B/Fregat M,Kourou, French Guiana
381,2021-132W,https://nssdc.gsfc.nasa.gov/nmc/spacecraft/display.action?id=2021-132W,200,2021-12-27,2021,12,Soyuz-2.1b/Fregat,Tyuratam (Baikonur Cosmodrome,
382,2021-132X,https://nssdc.gsfc.nasa.gov/nmc/spacecraft/display.action?id=2021-132X,200,2021-12-27,2021,12,Soyuz-2.1b/Fregat,Tyuratam (Baikonur Cosmodrome,
383,2021-132Y,https://nssdc.gsfc.nasa.gov/nmc/spacecraft/display.action?id=2021-132Y,200,2021-12-27,2021,12,Soyuz-2.1b/Fregat,Tyuratam (Baikonur Cosmodrome,
384,2022-012C,https://nssdc.gsfc.nasa.gov/nmc/spacecraft/display.action?id=2022-012C,200,2022-02-10,2022,2,Soyuz ST-B/Fregat M,Kourou, French Guiana
385,2022-012D,https://nssdc.gsfc.nasa.gov/nmc/spacecraft/display.action?id=2022-012D,200,2022-02-10,2022,2,Soyuz ST-B/Fregat M,Kourou, French Guiana
386,2021-132Z,https://nssdc.gsfc.nasa.gov/nmc/spacecraft/display.action?id=2021-132Z,200,2021-12-27,2021,12,Soyuz-2.1b/Fregat,Tyuratam (Baikonur Cosmodrome,
387,2021132AA,https://nssdc.gsfc.nasa.gov/nmc/spacecraft/display.action?id=2021132AA,200,2021-12-27,2021,12,Soyuz-2.1b/Fregat,Tyuratam (Baikonur Cosmodrome,
388,2021132AB,https://nssdc.gsfc.nasa.gov/nmc/spacecraft/display.action?id=2021132AB,200,2021-12-27,2021,12,Soyuz-2.1b/Fregat,Tyuratam (Baikonur Cosmodrome,
389,2021132AC,https://nssdc.gsfc.nasa.gov/nmc/spacecraft/display.action?id=2021132AC,200,2021-12-27,2021,12,Soyuz-2.1b/Fregat,Tyuratam (Baikonur Cosmodrome,
390,2021132AD,https://nssdc.gsfc.nasa.gov/nmc/spacecraft/display.action?id=2021132AD,200,2021-12-27,2021,12,Soyuz-2.1b/Fregat,Tyuratam (Baikonur Cosmodrome,
391,2022-012E,https://nssdc.gsfc.nasa.gov/nmc/spacecraft/display.action?id=2022-012E,200,2022-02-10,2022,2,Soyuz ST-B/Fregat M,Kourou, French Guiana
392,2022-012F,https://nssdc.gsfc.nasa.gov/nmc/spacecraft/display.action?id=2022-012F,200,2022-02-10,2022,2,Soyuz ST-B/Fregat M,Kourou, French Guiana
393,2021132AE,https://nssdc.gsfc.nasa.gov/nmc/spacecraft/display.action?id=2021132AE,200,2021-12-27,2021,12,Soyuz-2.1b/Fregat,Tyuratam (Baikonur Cosmodrome,
394,2022-012G,https://nssdc.gsfc.nasa.gov/nmc/spacecraft/display.action?id=2022-012G,200,2022-02-10,2022,2,Soyuz ST-B/Fregat M,Kourou, French Guiana
395,2021132AF,https://nssdc.gsfc.nasa.gov/nmc/spacecraft/display.action?id=2021132AF,200,2021-12-27,2021,12,Soyuz-2.1b/Fregat,Tyuratam (Baikonur Cosmodrome,
396,2021132AG,https://nssdc.gsfc.nasa.gov/nmc/spacecraft/display.action?id=2021132AG,200,2021-12-27,2021,12,Soyuz-2.1b/Fregat,Tyuratam (Baikonur Cosmodrome,
397,2022-012H,https://nssdc.gsfc.nasa.gov/nmc/spacecraft/display.action?id=2022-012H,200,2022-02-10,2022,2,Soyuz ST-B/Fregat M,Kourou, French Guiana
398,2021132AH,https://nssdc.gsfc.nasa.gov/nmc/spacecraft/display.action?id=2021132AH,200,2021-12-27,2021,12,Soyuz-2.1b/Fregat,Tyuratam (Baikonur Cosmodrome,
399,2021132AJ,https://nssdc.gsfc.nasa.gov/nmc/spacecraft/display.action?id=2021132AJ,200,2021-12-27,2021,12,Soyuz-2.1b/Fregat,Tyuratam (Baikonur Cosmodrome,
400,2022-012J,https://nssdc.gsfc.nasa.gov/nmc/spacecraft/display.action?id=2022-012J,200,2022-02-10,2022,2,Soyuz ST-B/Fregat M,Kourou, French Guiana
401,2021132AK,https://nssdc.gsfc.nasa.gov/nmc/spacecraft/display.action?id=2021132AK,200,2021-12-27,2021,12,Soyuz-2.1b/Fregat,Tyuratam (Baikonur Cosmodrome,
402,2022-012K,https://nssdc.gsfc.nasa.gov/nmc/spacecraft/display.action?id=2022-012K,200,2022-02-10,2022,2,Soyuz ST-B/Fregat M,Kourou, French Guiana
403,2022-012L,https://nssdc.gsfc.nasa.gov/nmc/spacecraft/display.action?id=2022-012L,200,2022-02-10,2022,2,Soyuz ST-B/Fregat M,Kourou, French Guiana
404,2022-012M,https://nssdc.gsfc.nasa.gov/nmc/spacecraft/display.action?id=2022-012M,200,2022-02-10,2022,2,Soyuz ST-B/Fregat M,Kourou, French Guiana
405,2022-012N,https://nssdc.gsfc.nasa.gov/nmc/spacecraft/display.action?id=2022-012N,200,2022-02-10,2022,2,Soyuz ST-B/Fregat M,Kourou, French Guiana
406,2022-012P,https://nssdc.gsfc.nasa.gov/nmc/spacecraft/display.action?id=2022-012P,200,2022-02-10,2022,2,Soyuz ST-B/Fregat M,Kourou, French Guiana
407,2021132AL,https://nssdc.gsfc.nasa.gov/nmc/spacecraft/display.action?id=2021132AL,200,2021-12-27,2021,12,Soyuz-2.1b/Fregat,Tyuratam (Baikonur Cosmodrome,
408,2022-012Q,https://nssdc.gsfc.nasa.gov/nmc/spacecraft/display.action?id=2022-012Q,200,2022-02-10,2022,2,Soyuz ST-B/Fregat M,Kourou, French Guiana
409,2022-012R,https://nssdc.gsfc.nasa.gov/nmc/spacecraft/display.action?id=2022-012R,200,2022-02-10,2022,2,Soyuz ST-B/Fregat M,Kourou, French Guiana
410,2022-012S,https://nssdc.gsfc.nasa.gov/nmc/spacecraft/display.action?id=2022-012S,200,2022-02-10,2022,2,Soyuz ST-B/Fregat M,Kourou, French Guiana
411,2022-012T,https://nssdc.gsfc.nasa.gov/nmc/spacecraft/display.action?id=2022-012T,200,2022-02-10,2022,2,Soyuz ST-B/Fregat M,Kourou, French Guiana
412,2022-012U,https://nssdc.gsfc.nasa.gov/nmc/spacecraft/display.action?id=2022-012U,200,2022-02-10,2022,2,Soyuz ST-B/Fregat M,Kourou, French Guiana
413,2022-012V,https://nssdc.gsfc.nasa.gov/nmc/spacecraft/display.action?id=2022-012V,200,2022-02-10,2022,2,Soyuz ST-B/Fregat M,Kourou, French Guiana
414,2022-012W,https://nssdc.gsfc.nasa.gov/nmc/spacecraft/display.action?id=2022-012W,200,2022-02-10,2022,2,Soyuz ST-B/Fregat M,Kourou, French Guiana
415,2021132AM,https://nssdc.gsfc.nasa.gov/nmc/spacecraft/display.action?id=2021132AM,200,2021-12-27,2021,12,Soyuz-2.1b/Fregat,Tyuratam (Baikonur Cosmodrome,
416,2022-012X,https://nssdc.gsfc.nasa.gov/nmc/spacecraft/display.action?id=2022-012X,200,2022-02-10,2022,2,Soyuz ST-B/Fregat M,Kourou, French Guiana
417,2022-012Y,https://nssdc.gsfc.nasa.gov/nmc/spacecraft/display.action?id=2022-012Y,200,2022-02-10,2022,2,Soyuz ST-B/Fregat M,Kourou, French Guiana
418,2022-012Z,https://nssdc.gsfc.nasa.gov/nmc/spacecraft/display.action?id=2022-012Z,200,2022-02-10,2022,2,Soyuz ST-B/Fregat M,Kourou, French Guiana
419,2022012AA,https://nssdc.gsfc.nasa.gov/nmc/spacecraft/display.action?id=2022012AA,200,2022-02-10,2022,2,Soyuz ST-B/Fregat M,Kourou, French Guiana
420,2022012AB,https://nssdc.gsfc.nasa.gov/nmc/spacecraft/display.action?id=2022012AB,200,2022-02-10,2022,2,Soyuz ST-B/Fregat M,Kourou, French Guiana
421,2022012AC,https://nssdc.gsfc.nasa.gov/nmc/spacecraft/display.action?id=2022012AC,200,2022-02-10,2022,2,Soyuz ST-B/Fregat M,Kourou, French Guiana
422,2022012AD,https://nssdc.gsfc.nasa.gov/nmc/spacecraft/display.action?id=2022012AD,200,2022-02-10,2022,2,Soyuz ST-B/Fregat M,Kourou, French Guiana
423,2022012AE,https://nssdc.gsfc.nasa.gov/nmc/spacecraft/display.action?id=2022012AE,200,2022-02-10,2022,2,Soyuz ST-B/Fregat M,Kourou, French Guiana
424,2022012AF,https://nssdc.gsfc.nasa.gov/nmc/spacecraft/display.action?id=2022012AF,200,2022-02-10,2022,2,Soyuz ST-B/Fregat M,Kourou, French Guiana
425,2022012AG,https://nssdc.gsfc.nasa.gov/nmc/spacecraft/display.action?id=2022012AG,200,2022-02-10,2022,2,Soyuz ST-B/Fregat M,Kourou, French Guiana
426,2022012AH,https://nssdc.gsfc.nasa.gov/nmc/spacecraft/display.action?id=2022012AH,200,2022-02-10,2022,2,Soyuz ST-B/Fregat M,Kourou, French Guiana
427,2022012AJ,https://nssdc.gsfc.nasa.gov/nmc/spacecraft/display.action?id=2022012AJ,200,2022-02-10,2022,2,Soyuz ST-B/Fregat M,Kourou, French Guiana
428,2022012AK,https://nssdc.gsfc.nasa.gov/nmc/spacecraft/display.action?id=2022012AK,200,2022-02-10,2022,2,Soyuz ST-B/Fregat M,Kourou, French Guiana
429,2022-138A,https://nssdc.gsfc.nasa.gov/nmc/spacecraft/display.action?id=2022-138A,200,2022-10-22,2022,10,LVM 3,Sriharikota, India<br/></p><h
430,2022-138B,https://nssdc.gsfc.nasa.gov/nmc/spacecraft/display.action?id=2022-138B,200,2022-10-22,2022,10,LVM 3,Sriharikota, India<br/></p><h
431,2022-138C,https://nssdc.gsfc.nasa.gov/nmc/spacecraft/display.action?id=2022-138C,200,2022-10-22,2022,10,LVM 3,Sriharikota, India<br/></p><h
432,2022-138D,https://nssdc.gsfc.nasa.gov/nmc/spacecraft/display.action?id=2022-138D,200,2022-10-22,2022,10,LVM 3,Sriharikota, India<br/></p><h
433,2022-138E,https://nssdc.gsfc.nasa.gov/nmc/spacecraft/display.action?id=2022-138E,200,2022-10-22,2022,10,LVM 3,Sriharikota, India<br/></p><h
434,2022-138F,https://nssdc.gsfc.nasa.gov/nmc/spacecraft/display.action?id=2022-138F,200,2022-10-22,2022,10,LVM 3,Sriharikota, India<br/></p><h
435,2022-138G,https://nssdc.gsfc.nasa.gov/nmc/spacecraft/display.action?id=2022-138G,200,2022-10-22,2022,10,LVM 3,Sriharikota, India<br/></p><h
436,2022-138H,https://nssdc.gsfc.nasa.gov/nmc/spacecraft/display.action?id=2022-138H,200,2022-10-22,2022,10,LVM 3,Sriharikota, India<br/></p><h
437,2022-138J,https://nssdc.gsfc.nasa.gov/nmc/spacecraft/display.action?id=2022-138J,200,2022-10-22,2022,10,LVM 3,Sriharikota, India<br/></p><h
438,2022-138K,https://nssdc.gsfc.nasa.gov/nmc/spacecraft/display.action?id=2022-138K,200,2022-10-22,2022,10,LVM 3,Sriharikota, India<br/></p><h
439,2022-138L,https://nssdc.gsfc.nasa.gov/nmc/spacecraft/display.action?id=2022-138L,200,2022-10-22,2022,10,LVM 3,Sriharikota, India<br/></p><h
440,2022-138M,https://nssdc.gsfc.nasa.gov/nmc/spacecraft/display.action?id=2022-138M,200,2022-10-22,2022,10,LVM 3,Sriharikota, India<br/></p><h
441,2022-138N,https://nssdc.gsfc.nasa.gov/nmc/spacecraft/display.action?id=2022-138N,200,2022-10-22,2022,10,LVM 3,Sriharikota, India<br/></p><h
442,2022-138P,https://nssdc.gsfc.nasa.gov/nmc/spacecraft/display.action?id=2022-138P,200,2022-10-22,2022,10,LVM 3,Sriharikota, India<br/></p><h
443,2022-138Q,https://nssdc.gsfc.nasa.gov/nmc/spacecraft/display.action?id=2022-138Q,200,2022-10-22,2022,10,LVM 3,Sriharikota, India<br/></p><h
444,2022-138R,https://nssdc.gsfc.nasa.gov/nmc/spacecraft/display.action?id=2022-138R,200,2022-10-22,2022,10,LVM 3,Sriharikota, India<br/></p><h
445,2022-138S,https://nssdc.gsfc.nasa.gov/nmc/spacecraft/display.action?id=2022-138S,200,2022-10-22,2022,10,LVM 3,Sriharikota, India<br/></p><h
446,2022-138T,https://nssdc.gsfc.nasa.gov/nmc/spacecraft/display.action?id=2022-138T,200,2022-10-22,2022,10,LVM 3,Sriharikota, India<br/></p><h
447,2022-138U,https://nssdc.gsfc.nasa.gov/nmc/spacecraft/display.action?id=2022-138U,200,2022-10-22,2022,10,LVM 3,Sriharikota, India<br/></p><h
448,2022-138V,https://nssdc.gsfc.nasa.gov/nmc/spacecraft/display.action?id=2022-138V,200,2022-10-22,2022,10,LVM 3,Sriharikota, India<br/></p><h
449,2022-138W,https://nssdc.gsfc.nasa.gov/nmc/spacecraft/display.action?id=2022-138W,200,2022-10-22,2022,10,LVM 3,Sriharikota, India<br/></p><h
450,2022-138X,https://nssdc.gsfc.nasa.gov/nmc/spacecraft/display.action?id=2022-138X,200,2022-10-22,2022,10,LVM 3,Sriharikota, India<br/></p><h
451,2022-138Y,https://nssdc.gsfc.nasa.gov/nmc/spacecraft/display.action?id=2022-138Y,200,2022-10-22,2022,10,LVM 3,Sriharikota, India<br/></p><h
452,2022-138Z,https://nssdc.gsfc.nasa.gov/nmc/spacecraft/display.action?id=2022-138Z,200,2022-10-22,2022,10,LVM 3,Sriharikota, India<br/></p><h
453,2022138AA,https://nssdc.gsfc.nasa.gov/nmc/spacecraft/display.action?id=2022138AA,200,2022-10-22,2022,10,LVM 3,Sriharikota, India<br/></p><h
454,2022138AB,https://nssdc.gsfc.nasa.gov/nmc/spacecraft/display.action?id=2022138AB,200,2022-10-22,2022,10,LVM 3,Sriharikota, India<br/></p><h
455,2022138AC,https://nssdc.gsfc.nasa.gov/nmc/spacecraft/display.action?id=2022138AC,200,2022-10-22,2022,10,LVM 3,Sriharikota, India<br/></p><h
456,2022138AD,https://nssdc.gsfc.nasa.gov/nmc/spacecraft/display.action?id=2022138AD,200,2022-10-22,2022,10,LVM 3,Sriharikota, India<br/></p><h
457,2022138AE,https://nssdc.gsfc.nasa.gov/nmc/spacecraft/display.action?id=2022138AE,200,2022-10-22,2022,10,LVM 3,Sriharikota, India<br/></p><h
458,2022138AF,https://nssdc.gsfc.nasa.gov/nmc/spacecraft/display.action?id=2022138AF,200,2022-10-22,2022,10,LVM 3,Sriharikota, India<br/></p><h
459,2022138AG,https://nssdc.gsfc.nasa.gov/nmc/spacecraft/display.action?id=2022138AG,200,2022-10-22,2022,10,LVM 3,Sriharikota, India<br/></p><h
460,2022138AH,https://nssdc.gsfc.nasa.gov/nmc/spacecraft/display.action?id=2022138AH,200,2022-10-22,2022,10,LVM 3,Sriharikota, India<br/></p><h
461,2022-166A,https://nssdc.gsfc.nasa.gov/nmc/spacecraft/display.action?id=2022-166A,200,2022-12-08,2022,12,Falcon 9 Full Thrust,Cape Canaveral, United States
462,2022-166B,https://nssdc.gsfc.nasa.gov/nmc/spacecraft/display.action?id=2022-166B,200,2022-12-08,2022,12,Falcon 9 Full Thrust,Cape Canaveral, United States
463,2022138AJ,https://nssdc.gsfc.nasa.gov/nmc/spacecraft/display.action?id=2022138AJ,200,2022-10-22,2022,10,LVM 3,Sriharikota, India<br/></p><h
464,2023-029A,https://nssdc.gsfc.nasa.gov/nmc/spacecraft/display.action?id=2023-029A,200,2023-03-09,2023,3,Falcon 9 Full Thrust,Cape Canaveral, United States
465,2022138AK,https://nssdc.gsfc.nasa.gov/nmc/spacecraft/display.action?id=2022138AK,200,2022-10-22,2022,10,LVM 3,Sriharikota, India<br/></p><h
466,2023-004A,https://nssdc.gsfc.nasa.gov/nmc/spacecraft/display.action?id=2023-004A,200,2023-01-10,2023,1,Falcon 9 Full Thrust,Cape Canaveral, United States
467,2023-004B,https://nssdc.gsfc.nasa.gov/nmc/spacecraft/display.action?id=2023-004B,200,2023-01-10,2023,1,Falcon 9 Full Thrust,Cape Canaveral, United States
468,2023-029B,https://nssdc.gsfc.nasa.gov/nmc/spacecraft/display.action?id=2023-029B,200,2023-03-09,2023,3,Falcon 9 Full Thrust,Cape Canaveral, United States
469,2022138AL,https://nssdc.gsfc.nasa.gov/nmc/spacecraft/display.action?id=2022138AL,200,2022-10-22,2022,10,LVM 3,Sriharikota, India<br/></p><h
470,2022138AM,https://nssdc.gsfc.nasa.gov/nmc/spacecraft/display.action?id=2022138AM,200,2022-10-22,2022,10,LVM 3,Sriharikota, India<br/></p><h
471,2023-043A,https://nssdc.gsfc.nasa.gov/nmc/spacecraft/display.action?id=2023-043A,200,2023-03-26,2023,3,Soyuz ST-B/Fregat M,Sriharikota, Indian
472,2023-043B,https://nssdc.gsfc.nasa.gov/nmc/spacecraft/display.action?id=2023-043B,200,2023-03-26,2023,3,Soyuz ST-B/Fregat M,Sriharikota, Indian
473,2022-166C,https://nssdc.gsfc.nasa.gov/nmc/spacecraft/display.action?id=2022-166C,200,2022-12-08,2022,12,Falcon 9 Full Thrust,Cape Canaveral, United States
474,2022-166D,https://nssdc.gsfc.nasa.gov/nmc/spacecraft/display.action?id=2022-166D,200,2022-12-08,2022,12,Falcon 9 Full Thrust,Cape Canaveral, United States
475,2023-004C,https://nssdc.gsfc.nasa.gov/nmc/spacecraft/display.action?id=2023-004C,200,2023-01-10,2023,1,Falcon 9 Full Thrust,Cape Canaveral, United States
476,2022-166E,https://nssdc.gsfc.nasa.gov/nmc/spacecraft/display.action?id=2022-166E,200,2022-12-08,2022,12,Falcon 9 Full Thrust,Cape Canaveral, United States
477,2023-004D,https://nssdc.gsfc.nasa.gov/nmc/spacecraft/display.action?id=2023-004D,200,2023-01-10,2023,1,Falcon 9 Full Thrust,Cape Canaveral, United States
478,2023-004E,https://nssdc.gsfc.nasa.gov/nmc/spacecraft/display.action?id=2023-004E,200,2023-01-10,2023,1,Falcon 9 Full Thrust,Cape Canaveral, United States
479,2022-166F,https://nssdc.gsfc.nasa.gov/nmc/spacecraft/display.action?id=2022-166F,200,2022-12-08,2022,12,Falcon 9 Full Thrust,Cape Canaveral, United States
480,2023-043C,https://nssdc.gsfc.nasa.gov/nmc/spacecraft/display.action?id=2023-043C,200,2023-03-26,2023,3,Soyuz ST-B/Fregat M,Sriharikota, Indian
481,2023-043D,https://nssdc.gsfc.nasa.gov/nmc/spacecraft/display.action?id=2023-043D,200,2023-03-26,2023,3,Soyuz ST-B/Fregat M,Sriharikota, Indian
482,2023-043E,https://nssdc.gsfc.nasa.gov/nmc/spacecraft/display.action?id=2023-043E,200,2023-03-26,2023,3,Soyuz ST-B/Fregat M,Sriharikota, Indian
483,2023-043F,https://nssdc.gsfc.nasa.gov/nmc/spacecraft/display.action?id=2023-043F,200,2023-03-26,2023,3,Soyuz ST-B/Fregat M,Sriharikota, Indian
484,2023-043G,https://nssdc.gsfc.nasa.gov/nmc/spacecraft/display.action?id=2023-043G,200,2023-03-26,2023,3,Soyuz ST-B/Fregat M,Sriharikota, Indian
485,2023-043H,https://nssdc.gsfc.nasa.gov/nmc/spacecraft/display.action?id=2023-043H,200,2023-03-26,2023,3,Soyuz ST-B/Fregat M,Sriharikota, Indian
486,2023-043J,https://nssdc.gsfc.nasa.gov/nmc/spacecraft/display.action?id=2023-043J,200,2023-03-26,2023,3,Soyuz ST-B/Fregat M,Sriharikota, Indian
487,2023-043K,https://nssdc.gsfc.nasa.gov/nmc/spacecraft/display.action?id=2023-043K,200,2023-03-26,2023,3,Soyuz ST-B/Fregat M,Sriharikota, Indian
488,2023-043L,https://nssdc.gsfc.nasa.gov/nmc/spacecraft/display.action?id=2023-043L,200,2023-03-26,2023,3,Soyuz ST-B/Fregat M,Sriharikota, Indian
489,2023-043M,https://nssdc.gsfc.nasa.gov/nmc/spacecraft/display.action?id=2023-043M,200,2023-03-26,2023,3,Soyuz ST-B/Fregat M,Sriharikota, Indian
490,2023-029C,https://nssdc.gsfc.nasa.gov/nmc/spacecraft/display.action?id=2023-029C,200,2023-03-09,2023,3,Falcon 9 Full Thrust,Cape Canaveral, United States
491,2023-043N,https://nssdc.gsfc.nasa.gov/nmc/spacecraft/display.action?id=2023-043N,200,2023-03-26,2023,3,Soyuz ST-B/Fregat M,Sriharikota, Indian
492,2023-043P,https://nssdc.gsfc.nasa.gov/nmc/spacecraft/display.action?id=2023-043P,200,2023-03-26,2023,3,Soyuz ST-B/Fregat M,Sriharikota, Indian
493,2023-043Q,https://nssdc.gsfc.nasa.gov/nmc/spacecraft/display.action?id=2023-043Q,200,2023-03-26,2023,3,Soyuz ST-B/Fregat M,Sriharikota, Indian
494,2023-004F,https://nssdc.gsfc.nasa.gov/nmc/spacecraft/display.action?id=2023-004F,200,2023-01-10,2023,1,Falcon 9 Full Thrust,Cape Canaveral, United States
495,2023-068A,https://nssdc.gsfc.nasa.gov/nmc/spacecraft/display.action?id=2023-068A,200,2023-05-20,2023,5,Falcon 9 Full Thrust,Vandenberg AFB, United States
496,2023-029D,https://nssdc.gsfc.nasa.gov/nmc/spacecraft/display.action?id=2023-029D,200,2023-03-09,2023,3,Falcon 9 Full Thrust,Cape Canaveral, United States
497,2023-029E,https://nssdc.gsfc.nasa.gov/nmc/spacecraft/display.action?id=2023-029E,200,2023-03-09,2023,3,Falcon 9 Full Thrust,Cape Canaveral, United States
498,2023-029F,https://nssdc.gsfc.nasa.gov/nmc/spacecraft/display.action?id=2023-029F,200,2023-03-09,2023,3,Falcon 9 Full Thrust,Cape Canaveral, United States
499,2023-004G,https://nssdc.gsfc.nasa.gov/nmc/spacecraft/display.action?id=2023-004G,200,2023-01-10,2023,1,Falcon 9 Full Thrust,Cape Canaveral, United States
500,2023-043R,https://nssdc.gsfc.nasa.gov/nmc/spacecraft/display.action?id=2023-043R,200,2023-03-26,2023,3,Soyuz ST-B/Fregat M,Sriharikota, Indian
501,2023-004H,https://nssdc.gsfc.nasa.gov/nmc/spacecraft/display.action?id=2023-004H,200,2023-01-10,2023,1,Falcon 9 Full Thrust,Cape Canaveral, United States
502,2023-043S,https://nssdc.gsfc.nasa.gov/nmc/spacecraft/display.action?id=2023-043S,200,2023-03-26,2023,3,Soyuz ST-B/Fregat M,Sriharikota, Indian
503,2023-004J,https://nssdc.gsfc.nasa.gov/nmc/spacecraft/display.action?id=2023-004J,200,2023-01-10,2023,1,Falcon 9 Full Thrust,Cape Canaveral, United States
504,2023-004K,https://nssdc.gsfc.nasa.gov/nmc/spacecraft/display.action?id=2023-004K,200,2023-01-10,2023,1,Falcon 9 Full Thrust,Cape Canaveral, United States
505,2023-004L,https://nssdc.gsfc.nasa.gov/nmc/spacecraft/display.action?id=2023-004L,200,2023-01-10,2023,1,Falcon 9 Full Thrust,Cape Canaveral, United States
506,2023-004M,https://nssdc.gsfc.nasa.gov/nmc/spacecraft/display.action?id=2023-004M,200,2023-01-10,2023,1,Falcon 9 Full Thrust,Cape Canaveral, United States
507,2023-004N,https://nssdc.gsfc.nasa.gov/nmc/spacecraft/display.action?id=2023-004N,200,2023-01-10,2023,1,Falcon 9 Full Thrust,Cape Canaveral, United States
508,2023-043T,https://nssdc.gsfc.nasa.gov/nmc/spacecraft/display.action?id=2023-043T,200,2023-03-26,2023,3,Soyuz ST-B/Fregat M,Sriharikota, Indian
509,2023-043U,https://nssdc.gsfc.nasa.gov/nmc/spacecraft/display.action?id=2023-043U,200,2023-03-26,2023,3,Soyuz ST-B/Fregat M,Sriharikota, Indian
510,2023-043V,https://nssdc.gsfc.nasa.gov/nmc/spacecraft/display.action?id=2023-043V,200,2023-03-26,2023,3,Soyuz ST-B/Fregat M,Sriharikota, Indian
511,2023-043W,https://nssdc.gsfc.nasa.gov/nmc/spacecraft/display.action?id=2023-043W,200,2023-03-26,2023,3,Soyuz ST-B/Fregat M,Sriharikota, Indian
512,2023-043X,https://nssdc.gsfc.nasa.gov/nmc/spacecraft/display.action?id=2023-043X,200,2023-03-26,2023,3,Soyuz ST-B/Fregat M,Sriharikota, Indian
513,2023-043Y,https://nssdc.gsfc.nasa.gov/nmc/spacecraft/display.action?id=2023-043Y,200,2023-03-26,2023,3,Soyuz ST-B/Fregat M,Sriharikota, Indian
514,2022-166G,https://nssdc.gsfc.nasa.gov/nmc/spacecraft/display.action?id=2022-166G,200,2022-12-08,2022,12,Falcon 9 Full Thrust,Cape Canaveral, United States
515,2023-043Z,https://nssdc.gsfc.nasa.gov/nmc/spacecraft/display.action?id=2023-043Z,200,2023-03-26,2023,3,Soyuz ST-B/Fregat M,Sriharikota, Indian
516,2022-166H,https://nssdc.gsfc.nasa.gov/nmc/spacecraft/display.action?id=2022-166H,200,2022-12-08,2022,12,Falcon 9 Full Thrust,Cape Canaveral, United States
517,2022-166J,https://nssdc.gsfc.nasa.gov/nmc/spacecraft/display.action?id=2022-166J,200,2022-12-08,2022,12,Falcon 9 Full Thrust,Cape Canaveral, United States
518,2022-166K,https://nssdc.gsfc.nasa.gov/nmc/spacecraft/display.action?id=2022-166K,200,2022-12-08,2022,12,Falcon 9 Full Thrust,Cape Canaveral, United States
519,2022-166L,https://nssdc.gsfc.nasa.gov/nmc/spacecraft/display.action?id=2022-166L,200,2022-12-08,2022,12,Falcon 9 Full Thrust,Cape Canaveral, United States
520,2022-166M,https://nssdc.gsfc.nasa.gov/nmc/spacecraft/display.action?id=2022-166M,200,2022-12-08,2022,12,Falcon 9 Full Thrust,Cape Canaveral, United States
521,2022-166N,https://nssdc.gsfc.nasa.gov/nmc/spacecraft/display.action?id=2022-166N,200,2022-12-08,2022,12,Falcon 9 Full Thrust,Cape Canaveral, United States
522,2023-004P,https://nssdc.gsfc.nasa.gov/nmc/spacecraft/display.action?id=2023-004P,200,2023-01-10,2023,1,Falcon 9 Full Thrust,Cape Canaveral, United States
523,2022-166P,https://nssdc.gsfc.nasa.gov/nmc/spacecraft/display.action?id=2022-166P,200,2022-12-08,2022,12,Falcon 9 Full Thrust,Cape Canaveral, United States
524,2022-166Q,https://nssdc.gsfc.nasa.gov/nmc/spacecraft/display.action?id=2022-166Q,200,2022-12-08,2022,12,Falcon 9 Full Thrust,Cape Canaveral, United States
525,2022-166R,https://nssdc.gsfc.nasa.gov/nmc/spacecraft/display.action?id=2022-166R,200,2022-12-08,2022,12,Falcon 9 Full Thrust,Cape Canaveral, United States
526,2022-166S,https://nssdc.gsfc.nasa.gov/nmc/spacecraft/display.action?id=2022-166S,200,2022-12-08,2022,12,Falcon 9 Full Thrust,Cape Canaveral, United States
527,2022-166T,https://nssdc.gsfc.nasa.gov/nmc/spacecraft/display.action?id=2022-166T,200,2022-12-08,2022,12,Falcon 9 Full Thrust,Cape Canaveral, United States
528,2022-166U,https://nssdc.gsfc.nasa.gov/nmc/spacecraft/display.action?id=2022-166U,200,2022-12-08,2022,12,Falcon 9 Full Thrust,Cape Canaveral, United States
529,2022-166V,https://nssdc.gsfc.nasa.gov/nmc/spacecraft/display.action?id=2022-166V,200,2022-12-08,2022,12,Falcon 9 Full Thrust,Cape Canaveral, United States
530,2022-166W,https://nssdc.gsfc.nasa.gov/nmc/spacecraft/display.action?id=2022-166W,200,2022-12-08,2022,12,Falcon 9 Full Thrust,Cape Canaveral, United States
531,2022-166X,https://nssdc.gsfc.nasa.gov/nmc/spacecraft/display.action?id=2022-166X,200,2022-12-08,2022,12,Falcon 9 Full Thrust,Cape Canaveral, United States
532,2023-004Q,https://nssdc.gsfc.nasa.gov/nmc/spacecraft/display.action?id=2023-004Q,200,2023-01-10,2023,1,Falcon 9 Full Thrust,Cape Canaveral, United States
533,2023-004R,https://nssdc.gsfc.nasa.gov/nmc/spacecraft/display.action?id=2023-004R,200,2023-01-10,2023,1,Falcon 9 Full Thrust,Cape Canaveral, United States
534,2022-166Y,https://nssdc.gsfc.nasa.gov/nmc/spacecraft/display.action?id=2022-166Y,200,2022-12-08,2022,12,Falcon 9 Full Thrust,Cape Canaveral, United States
535,2022-166Z,https://nssdc.gsfc.nasa.gov/nmc/spacecraft/display.action?id=2022-166Z,200,2022-12-08,2022,12,Falcon 9 Full Thrust,Cape Canaveral, United States
536,2022166AA,https://nssdc.gsfc.nasa.gov/nmc/spacecraft/display.action?id=2022166AA,200,2022-12-08,2022,12,Falcon 9 Full Thrust,Cape Canaveral, United States
537,2022166AB,https://nssdc.gsfc.nasa.gov/nmc/spacecraft/display.action?id=2022166AB,200,2022-12-08,2022,12,Falcon 9 Full Thrust,Cape Canaveral, United States
538,2022166AC,https://nssdc.gsfc.nasa.gov/nmc/spacecraft/display.action?id=2022166AC,200,2022-12-08,2022,12,Falcon 9 Full Thrust,Cape Canaveral, United States
539,2022166AD,https://nssdc.gsfc.nasa.gov/nmc/spacecraft/display.action?id=2022166AD,200,2022-12-08,2022,12,Falcon 9 Full Thrust,Cape Canaveral, United States
540,2022166AE,https://nssdc.gsfc.nasa.gov/nmc/spacecraft/display.action?id=2022166AE,200,2022-12-08,2022,12,Falcon 9 Full Thrust,Cape Canaveral, United States
541,2022166AF,https://nssdc.gsfc.nasa.gov/nmc/spacecraft/display.action?id=2022166AF,200,2022-12-08,2022,12,Falcon 9 Full Thrust,Cape Canaveral, United States
542,2022166AG,https://nssdc.gsfc.nasa.gov/nmc/spacecraft/display.action?id=2022166AG,200,2022-12-08,2022,12,Falcon 9 Full Thrust,Cape Canaveral, United States
543,2023043AA,https://nssdc.gsfc.nasa.gov/nmc/spacecraft/display.action?id=2023043AA,200,2023-03-26,2023,3,Soyuz ST-B/Fregat M,Sriharikota, Indian
544,2022166AH,https://nssdc.gsfc.nasa.gov/nmc/spacecraft/display.action?id=2022166AH,200,2022-12-08,2022,12,Falcon 9 Full Thrust,Cape Canaveral, United States
545,2022166AJ,https://nssdc.gsfc.nasa.gov/nmc/spacecraft/display.action?id=2022166AJ,200,2022-12-08,2022,12,Falcon 9 Full Thrust,Cape Canaveral, United States
546,2022166AK,https://nssdc.gsfc.nasa.gov/nmc/spacecraft/display.action?id=2022166AK,200,2022-12-08,2022,12,Falcon 9 Full Thrust,Cape Canaveral, United States
547,2023043AB,https://nssdc.gsfc.nasa.gov/nmc/spacecraft/display.action?id=2023043AB,200,2023-03-26,2023,3,Soyuz ST-B/Fregat M,Sriharikota, Indian
548,2023-004S,https://nssdc.gsfc.nasa.gov/nmc/spacecraft/display.action?id=2023-004S,200,2023-01-10,2023,1,Falcon 9 Full Thrust,Cape Canaveral, United States
549,2022166AL,https://nssdc.gsfc.nasa.gov/nmc/spacecraft/display.action?id=2022166AL,200,2022-12-08,2022,12,Falcon 9 Full Thrust,Cape Canaveral, United States
550,2023-004T,https://nssdc.gsfc.nasa.gov/nmc/spacecraft/display.action?id=2023-004T,200,2023-01-10,2023,1,Falcon 9 Full Thrust,Cape Canaveral, United States
551,2023-004U,https://nssdc.gsfc.nasa.gov/nmc/spacecraft/display.action?id=2023-004U,200,2023-01-10,2023,1,Falcon 9 Full Thrust,Cape Canaveral, United States
552,2023-004V,https://nssdc.gsfc.nasa.gov/nmc/spacecraft/display.action?id=2023-004V,200,2023-01-10,2023,1,Falcon 9 Full Thrust,Cape Canaveral, United States
553,2023-004W,https://nssdc.gsfc.nasa.gov/nmc/spacecraft/display.action?id=2023-004W,200,2023-01-10,2023,1,Falcon 9 Full Thrust,Cape Canaveral, United States
554,2023-004X,https://nssdc.gsfc.nasa.gov/nmc/spacecraft/display.action?id=2023-004X,200,2023-01-10,2023,1,Falcon 9 Full Thrust,Cape Canaveral, United States
555,2023-004Y,https://nssdc.gsfc.nasa.gov/nmc/spacecraft/display.action?id=2023-004Y,200,2023-01-10,2023,1,Falcon 9 Full Thrust,Cape Canaveral, United States
556,2023-004Z,https://nssdc.gsfc.nasa.gov/nmc/spacecraft/display.action?id=2023-004Z,200,2023-01-10,2023,1,Falcon 9 Full Thrust,Cape Canaveral, United States
557,2023004AA,https://nssdc.gsfc.nasa.gov/nmc/spacecraft/display.action?id=2023004AA,200,2023-01-10,2023,1,Falcon 9 Full Thrust,Cape Canaveral, United States
558,2023004AB,https://nssdc.gsfc.nasa.gov/nmc/spacecraft/display.action?id=2023004AB,200,2023-01-10,2023,1,Falcon 9 Full Thrust,Cape Canaveral, United States
559,2023004AC,https://nssdc.gsfc.nasa.gov/nmc/spacecraft/display.action?id=2023004AC,200,2023-01-10,2023,1,Falcon 9 Full Thrust,Cape Canaveral, United States
560,2023004AD,https://nssdc.gsfc.nasa.gov/nmc/spacecraft/display.action?id=2023004AD,200,2023-01-10,2023,1,Falcon 9 Full Thrust,Cape Canaveral, United States
561,2023004AE,https://nssdc.gsfc.nasa.gov/nmc/spacecraft/display.action?id=2023004AE,200,2023-01-10,2023,1,Falcon 9 Full Thrust,Cape Canaveral, United States
562,2023004AF,https://nssdc.gsfc.nasa.gov/nmc/spacecraft/display.action?id=2023004AF,200,2023-01-10,2023,1,Falcon 9 Full Thrust,Cape Canaveral, United States
563,2023004AG,https://nssdc.gsfc.nasa.gov/nmc/spacecraft/display.action?id=2023004AG,200,2023-01-10,2023,1,Falcon 9 Full Thrust,Cape Canaveral, United States
564,2023043AC,https://nssdc.gsfc.nasa.gov/nmc/spacecraft/display.action?id=2023043AC,200,2023-03-26,2023,3,Soyuz ST-B/Fregat M,Sriharikota, Indian
565,2023004AH,https://nssdc.gsfc.nasa.gov/nmc/spacecraft/display.action?id=2023004AH,200,2023-01-10,2023,1,Falcon 9 Full Thrust,Cape Canaveral, United States
566,2023043AD,https://nssdc.gsfc.nasa.gov/nmc/spacecraft/display.action?id=2023043AD,200,2023-03-26,2023,3,Soyuz ST-B/Fregat M,Sriharikota, Indian
567,2023043AE,https://nssdc.gsfc.nasa.gov/nmc/spacecraft/display.action?id=2023043AE,200,2023-03-26,2023,3,Soyuz ST-B/Fregat M,Sriharikota, Indian
568,2023043AF,https://nssdc.gsfc.nasa.gov/nmc/spacecraft/display.action?id=2023043AF,200,2023-03-26,2023,3,Soyuz ST-B/Fregat M,Sriharikota, Indian
569,2023043AG,https://nssdc.gsfc.nasa.gov/nmc/spacecraft/display.action?id=2023043AG,200,2023-03-26,2023,3,Soyuz ST-B/Fregat M,Sriharikota, Indian
570,2023043AH,https://nssdc.gsfc.nasa.gov/nmc/spacecraft/display.action?id=2023043AH,200,2023-03-26,2023,3,Soyuz ST-B/Fregat M,Sriharikota, Indian
571,2023043AJ,https://nssdc.gsfc.nasa.gov/nmc/spacecraft/display.action?id=2023043AJ,200,2023-03-26,2023,3,Soyuz ST-B/Fregat M,Sriharikota, Indian
572,2023-029G,https://nssdc.gsfc.nasa.gov/nmc/spacecraft/display.action?id=2023-029G,200,2023-03-09,2023,3,Falcon 9 Full Thrust,Cape Canaveral, United States
573,2023-029H,https://nssdc.gsfc.nasa.gov/nmc/spacecraft/display.action?id=2023-029H,200,2023-03-09,2023,3,Falcon 9 Full Thrust,Cape Canaveral, United States
574,2023-029J,https://nssdc.gsfc.nasa.gov/nmc/spacecraft/display.action?id=2023-029J,200,2023-03-09,2023,3,Falcon 9 Full Thrust,Cape Canaveral, United States
575,2023-029K,https://nssdc.gsfc.nasa.gov/nmc/spacecraft/display.action?id=2023-029K,200,2023-03-09,2023,3,Falcon 9 Full Thrust,Cape Canaveral, United States
576,2023-029L,https://nssdc.gsfc.nasa.gov/nmc/spacecraft/display.action?id=2023-029L,200,2023-03-09,2023,3,Falcon 9 Full Thrust,Cape Canaveral, United States
577,2023-029M,https://nssdc.gsfc.nasa.gov/nmc/spacecraft/display.action?id=2023-029M,200,2023-03-09,2023,3,Falcon 9 Full Thrust,Cape Canaveral, United States
578,2023-029N,https://nssdc.gsfc.nasa.gov/nmc/spacecraft/display.action?id=2023-029N,200,2023-03-09,2023,3,Falcon 9 Full Thrust,Cape Canaveral, United States
579,2023-029P,https://nssdc.gsfc.nasa.gov/nmc/spacecraft/display.action?id=2023-029P,200,2023-03-09,2023,3,Falcon 9 Full Thrust,Cape Canaveral, United States
580,2023-029Q,https://nssdc.gsfc.nasa.gov/nmc/spacecraft/display.action?id=2023-029Q,200,2023-03-09,2023,3,Falcon 9 Full Thrust,Cape Canaveral, United States
581,2023043AK,https://nssdc.gsfc.nasa.gov/nmc/spacecraft/display.action?id=2023043AK,200,2023-03-26,2023,3,Soyuz ST-B/Fregat M,Sriharikota, Indian
582,2023-029R,https://nssdc.gsfc.nasa.gov/nmc/spacecraft/display.action?id=2023-029R,200,2023-03-09,2023,3,Falcon 9 Full Thrust,Cape Canaveral, United States
583,2023-029S,https://nssdc.gsfc.nasa.gov/nmc/spacecraft/display.action?id=2023-029S,200,2023-03-09,2023,3,Falcon 9 Full Thrust,Cape Canaveral, United States
584,2023-029T,https://nssdc.gsfc.nasa.gov/nmc/spacecraft/display.action?id=2023-029T,200,2023-03-09,2023,3,Falcon 9 Full Thrust,Cape Canaveral, United States
585,2023043AL,https://nssdc.gsfc.nasa.gov/nmc/spacecraft/display.action?id=2023043AL,200,2023-03-26,2023,3,Soyuz ST-B/Fregat M,Sriharikota, Indian
586,2023-029U,https://nssdc.gsfc.nasa.gov/nmc/spacecraft/display.action?id=2023-029U,200,2023-03-09,2023,3,Falcon 9 Full Thrust,Cape Canaveral, United States
587,2023-029V,https://nssdc.gsfc.nasa.gov/nmc/spacecraft/display.action?id=2023-029V,200,2023-03-09,2023,3,Falcon 9 Full Thrust,Cape Canaveral, United States
588,2023-029W,https://nssdc.gsfc.nasa.gov/nmc/spacecraft/display.action?id=2023-029W,200,2023-03-09,2023,3,Falcon 9 Full Thrust,Cape Canaveral, United States
589,2022166AM,https://nssdc.gsfc.nasa.gov/nmc/spacecraft/display.action?id=2022166AM,200,2022-12-08,2022,12,Falcon 9 Full Thrust,Cape Canaveral, United States
590,2023-029X,https://nssdc.gsfc.nasa.gov/nmc/spacecraft/display.action?id=2023-029X,200,2023-03-09,2023,3,Falcon 9 Full Thrust,Cape Canaveral, United States
591,2023-029Y,https://nssdc.gsfc.nasa.gov/nmc/spacecraft/display.action?id=2023-029Y,200,2023-03-09,2023,3,Falcon 9 Full Thrust,Cape Canaveral, United States
592,2023-029Z,https://nssdc.gsfc.nasa.gov/nmc/spacecraft/display.action?id=2023-029Z,200,2023-03-09,2023,3,Falcon 9 Full Thrust,Cape Canaveral, United States
593,2022166AN,https://nssdc.gsfc.nasa.gov/nmc/spacecraft/display.action?id=2022166AN,200,2022-12-08,2022,12,Falcon 9 Full Thrust,Cape Canaveral, United States
594,2023029AA,https://nssdc.gsfc.nasa.gov/nmc/spacecraft/display.action?id=2023029AA,200,2023-03-09,2023,3,Falcon 9 Full Thrust,Cape Canaveral, United States
595,2023029AB,https://nssdc.gsfc.nasa.gov/nmc/spacecraft/display.action?id=2023029AB,200,2023-03-09,2023,3,Falcon 9 Full Thrust,Cape Canaveral, United States
596,2023029AC,https://nssdc.gsfc.nasa.gov/nmc/spacecraft/display.action?id=2023029AC,200,2023-03-09,2023,3,Falcon 9 Full Thrust,Cape Canaveral, United States
597,2023029AD,https://nssdc.gsfc.nasa.gov/nmc/spacecraft/display.action?id=2023029AD,200,2023-03-09,2023,3,Falcon 9 Full Thrust,Cape Canaveral, United States
598,2023029AE,https://nssdc.gsfc.nasa.gov/nmc/spacecraft/display.action?id=2023029AE,200,2023-03-09,2023,3,Falcon 9 Full Thrust,Cape Canaveral, United States
599,2023029AF,https://nssdc.gsfc.nasa.gov/nmc/spacecraft/display.action?id=2023029AF,200,2023-03-09,2023,3,Falcon 9 Full Thrust,Cape Canaveral, United States
600,2023029AG,https://nssdc.gsfc.nasa.gov/nmc/spacecraft/display.action?id=2023029AG,200,2023-03-09,2023,3,Falcon 9 Full Thrust,Cape Canaveral, United States
601,2023029AH,https://nssdc.gsfc.nasa.gov/nmc/spacecraft/display.action?id=2023029AH,200,2023-03-09,2023,3,Falcon 9 Full Thrust,Cape Canaveral, United States
602,2023-068B,https://nssdc.gsfc.nasa.gov/nmc/spacecraft/display.action?id=2023-068B,200,2023-05-20,2023,5,Falcon 9 Full Thrust,Vandenberg AFB, United States
603,2023029AJ,https://nssdc.gsfc.nasa.gov/nmc/spacecraft/display.action?id=2023029AJ,200,2023-03-09,2023,3,Falcon 9 Full Thrust,Cape Canaveral, United States
604,2023029AK,https://nssdc.gsfc.nasa.gov/nmc/spacecraft/display.action?id=2023029AK,200,2023-03-09,2023,3,Falcon 9 Full Thrust,Cape Canaveral, United States
605,2023029AL,https://nssdc.gsfc.nasa.gov/nmc/spacecraft/display.action?id=2023029AL,200,2023-03-09,2023,3,Falcon 9 Full Thrust,Cape Canaveral, United States
606,2023029AM,https://nssdc.gsfc.nasa.gov/nmc/spacecraft/display.action?id=2023029AM,200,2023-03-09,2023,3,Falcon 9 Full Thrust,Cape Canaveral, United States
607,2023029AN,https://nssdc.gsfc.nasa.gov/nmc/spacecraft/display.action?id=2023029AN,200,2023-03-09,2023,3,Falcon 9 Full Thrust,Cape Canaveral, United States
608,2023029AP,https://nssdc.gsfc.nasa.gov/nmc/spacecraft/display.action?id=2023029AP,200,2023-03-09,2023,3,Falcon 9 Full Thrust,Cape Canaveral, United States
609,2023029AQ,https://nssdc.gsfc.nasa.gov/nmc/spacecraft/display.action?id=2023029AQ,200,2023-03-09,2023,3,Falcon 9 Full Thrust,Cape Canaveral, United States
610,2023-068C,https://nssdc.gsfc.nasa.gov/nmc/spacecraft/display.action?id=2023-068C,200,2023-05-20,2023,5,Falcon 9 Full Thrust,Vandenberg AFB, United States
611,2023-068D,https://nssdc.gsfc.nasa.gov/nmc/spacecraft/display.action?id=2023-068D,200,2023-05-20,2023,5,Falcon 9 Full Thrust,Vandenberg AFB, United States
612,2023-068E,https://nssdc.gsfc.nasa.gov/nmc/spacecraft/display.action?id=2023-068E,200,2023-05-20,2023,5,Falcon 9 Full Thrust,Vandenberg AFB, United States
613,2023-068F,https://nssdc.gsfc.nasa.gov/nmc/spacecraft/display.action?id=2023-068F,200,2023-05-20,2023,5,Falcon 9 Full Thrust,Vandenberg AFB, United States
614,2023-068G,https://nssdc.gsfc.nasa.gov/nmc/spacecraft/display.action?id=2023-068G,200,2023-05-20,2023,5,Falcon 9 Full Thrust,Vandenberg AFB, United States
615,2023-068H,https://nssdc.gsfc.nasa.gov/nmc/spacecraft/display.action?id=2023-068H,200,2023-05-20,2023,5,Falcon 9 Full Thrust,Vandenberg AFB, United States
616,2023-068J,https://nssdc.gsfc.nasa.gov/nmc/spacecraft/display.action?id=2023-068J,200,2023-05-20,2023,5,Falcon 9 Full Thrust,Vandenberg AFB, United States
617,2023-068K,https://nssdc.gsfc.nasa.gov/nmc/spacecraft/display.action?id=2023-068K,200,2023-05-20,2023,5,Falcon 9 Full Thrust,Vandenberg AFB, United States
618,2023-068L,https://nssdc.gsfc.nasa.gov/nmc/spacecraft/display.action?id=2023-068L,200,2023-05-20,2023,5,Falcon 9 Full Thrust,Vandenberg AFB, United States
619,2022166AP,https://nssdc.gsfc.nasa.gov/nmc/spacecraft/display.action?id=2022166AP,200,2022-12-08,2022,12,Falcon 9 Full Thrust,Cape Canaveral, United States
620,2023-068M,https://nssdc.gsfc.nasa.gov/nmc/spacecraft/display.action?id=2023-068M,200,2023-05-20,2023,5,Falcon 9 Full Thrust,Vandenberg AFB, United States
621,2023-068N,https://nssdc.gsfc.nasa.gov/nmc/spacecraft/display.action?id=2023-068N,200,2023-05-20,2023,5,Falcon 9 Full Thrust,Vandenberg AFB, United States
622,2023-068P,https://nssdc.gsfc.nasa.gov/nmc/spacecraft/display.action?id=2023-068P,200,2023-05-20,2023,5,Falcon 9 Full Thrust,Vandenberg AFB, United States
623,2023-068Q,https://nssdc.gsfc.nasa.gov/nmc/spacecraft/display.action?id=2023-068Q,200,2023-05-20,2023,5,Falcon 9 Full Thrust,Vandenberg AFB, United States
624,2023004AJ,https://nssdc.gsfc.nasa.gov/nmc/spacecraft/display.action?id=2023004AJ,200,2023-01-10,2023,1,Falcon 9 Full Thrust,Cape Canaveral, United States
625,2023004AK,https://nssdc.gsfc.nasa.gov/nmc/spacecraft/display.action?id=2023004AK,200,2023-01-10,2023,1,Falcon 9 Full Thrust,Cape Canaveral, United States
626,2023004AL,https://nssdc.gsfc.nasa.gov/nmc/spacecraft/display.action?id=2023004AL,200,2023-01-10,2023,1,Falcon 9 Full Thrust,Cape Canaveral, United States
627,2022166AQ,https://nssdc.gsfc.nasa.gov/nmc/spacecraft/display.action?id=2022166AQ,200,2022-12-08,2022,12,Falcon 9 Full Thrust,Cape Canaveral, United States
628,2023004AM,https://nssdc.gsfc.nasa.gov/nmc/spacecraft/display.action?id=2023004AM,200,2023-01-10,2023,1,Falcon 9 Full Thrust,Cape Canaveral, United States
629,2022166AR,https://nssdc.gsfc.nasa.gov/nmc/spacecraft/display.action?id=2022166AR,200,2022-12-08,2022,12,Falcon 9 Full Thrust,Cape Canaveral, United States
630,2023004AN,https://nssdc.gsfc.nasa.gov/nmc/spacecraft/display.action?id=2023004AN,200,2023-01-10,2023,1,Falcon 9 Full Thrust,Cape Canaveral, United States
631,2023004AP,https://nssdc.gsfc.nasa.gov/nmc/spacecraft/display.action?id=2023004AP,200,2023-01-10,2023,1,Falcon 9 Full Thrust,Cape Canaveral, United States
632,2023004AQ,https://nssdc.gsfc.nasa.gov/nmc/spacecraft/display.action?id=2023004AQ,200,2023-01-10,2023,1,Falcon 9 Full Thrust,Cape Canaveral, United States
633,2023043AM,https://nssdc.gsfc.nasa.gov/nmc/spacecraft/display.action?id=2023043AM,200,2023-03-26,2023,3,Soyuz ST-B/Fregat M,Sriharikota, Indian
634,2023004AR,https://nssdc.gsfc.nasa.gov/nmc/spacecraft/display.action?id=2023004AR,200,2023-01-10,2023,1,Falcon 9 Full Thrust,Cape Canaveral, United States
635,2023029AR,https://nssdc.gsfc.nasa.gov/nmc/spacecraft/display.action?id=2023029AR,200,2023-03-09,2023,3,Falcon 9 Full Thrust,Cape Canaveral, United States
636,2023-068R,https://nssdc.gsfc.nasa.gov/nmc/spacecraft/display.action?id=2023-068R,200,2023-05-20,2023,5,Falcon 9 Full Thrust,Vandenberg AFB, United States
